able,adjacent,advisory,affected,alpine,angle,appearance,areas,aren,aspects,audible,avalanche,avalanches,avoid,avoiding,aware,backcountry,bare,beginning,berth,berthoud,break,breaks,brings,buffers,built,buried,care,careful,caught,caution,chalky,chance,choose,clear,cliff,cliffs,close,closer,cohesionless,cohesive,collapses,collapsing,combination,committing,completely,conditions,connect,connected,consequences,consequential,consider,continuous,convex,cornice,cornices,county,cover,crack,cracking,cracks,create,cross,danger,dangerous,days,deeper,degrees,dense,develop,development,directly,distance,drifted,drifting,drifts,drop,early,easily,east,easterly,easy,effect,elevation,elevations,enticing,especially,evening,exception,expect,experience,exposed,face,faces,faceted,facing,fall,farther,favored,feature,features,feel,feeling,feels,feet,filled,firm,firmer,flat,flats,foot,form,formed,fresh,generally,gentle,getting,giving,gouge,grains,ground,grow,gullies,gully,hammered,hard,harder,heavy,hide,high,higher,holding,hollow,identify,impenetrable,inches,incoming,increase,indication,indications,injure,inside,instability,intense,intensifies,isn,isolated,just,kill,lack,large,larger,lasting,layer,layers,light,like,likely,loaded,locations,long,look,looking,looks,loose,loveland,low,lower,mile,monday,mountains,nasty,natural,near,necessary,new,night,north,northeast,northerly,notice,observe,obvious,occur,occurring,october,older,ones,open,option,overnight,particularly,passes,patch,permanent,pillow,pillows,place,places,pm,potent,probably,problem,problematic,prone,push,range,rapid,recent,recently,recognize,recommended,reported,require,resting,result,ride,rides,ridgelines,ridges,ridgetop,riding,right,rocks,rollovers,rounded,running,safe,safer,scallops,scoured,season,seek,shaded,shady,sheltered,shooting,sign,significant,signs,sit,slab,slabs,slide,slides,slope,slopes,sluff,small,smooth,snow,snowfall,snowfield,snowpack,soft,sounding,southeast,special,spot,spots,steep,steeper,steepness,steer,step,stick,sticking,stiff,storm,strong,summit,sunday,surface,suspect,terrain,textured,thicken,think,time,travel,travelers,traveling,treeline,trigger,triggered,true,type,unfortunately,unlikely,unstable,unsupported,unusual,upper,use,warning,watch,ways,weak,wednesday,weight,weren,wide,wind,winds,winter,won,wrapped
0.0,0.0,0.0,0.0,0.0,0.0,0.0,0.0,0.0,0.24683303516602903,0.0,0.09117548282738797,0.0,0.10685277472714598,0.0,0.0,0.0,0.0,0.0,0.0,0.0,0.0,0.2785097821885038,0.0,0.0,0.0,0.2785097821885038,0.0,0.0,0.0,0.0,0.0,0.22435802548029965,0.0,0.0,0.0,0.0,0.24683303516602903,0.0,0.0,0.0,0.0,0.0,0.0,0.0,0.0,0.0,0.0,0.0,0.0,0.0,0.0,0.0,0.0,0.0,0.0,0.0,0.0,0.0,0.0,0.0,0.0,0.0,0.0,0.0,0.0,0.2785097821885038,0.0,0.0,0.0,0.0,0.0,0.0,0.0,0.0,0.18063833816386513,0.0,0.0,0.0,0.0,0.22435802548029965,0.0,0.0,0.0,0.0,0.0,0.0,0.0,0.0,0.0,0.0,0.0,0.0,0.0,0.0,0.0,0.0,0.0,0.0,0.0,0.0,0.0,0.0,0.0,0.0,0.0,0.0,0.0,0.0,0.0,0.0,0.0,0.0,0.0,0.0,0.0,0.0,0.0,0.0,0.0,0.0,0.0,0.0,0.0,0.0,0.0,0.22435802548029965,0.0,0.0,0.0,0.0,0.0,0.0,0.0,0.0,0.0,0.0,0.0,0.0,0.0,0.0,0.0,0.0,0.0,0.0,0.0,0.0,0.0,0.0,0.0,0.0,0.0,0.0,0.0,0.24683303516602903,0.0,0.0,0.0,0.1926812784578249,0.0,0.0,0.0,0.0,0.0,0.0,0.0,0.0,0.0,0.0,0.0,0.0,0.0,0.0,0.0,0.0,0.0,0.0,0.0,0.0,0.0,0.0,0.0,0.0,0.0,0.0,0.0,0.20692505360842353,0.0,0.0,0.0,0.0,0.0,0.0,0.0,0.0,0.0,0.0,0.0,0.16100453143535012,0.0,0.0,0.0,0.0,0.0,0.0,0.0,0.0,0.0,0.0,0.0,0.0,0.0,0.0,0.0,0.0,0.0,0.0,0.0,0.12109654987774462,0.0,0.0,0.0,0.0,0.0,0.0,0.0,0.0,0.0,0.0,0.0,0.0,0.0,0.0,0.0,0.0,0.0,0.0,0.0,0.0,0.0,0.0,0.0,0.0,0.0,0.0,0.0,0.08770271239782047,0.0,0.14532723953559212,0.0,0.08118856832013911,0.0,0.0,0.1926812784578249,0.0,0.0,0.0,0.0,0.0,0.0,0.10685277472714598,0.0,0.0,0.2785097821885038,0.0,0.0,0.0,0.0,0.0,0.0,0.0,0.0,0.20692505360842353,0.0,0.0,0.0,0.0,0.0,0.0,0.0,0.0,0.0,0.0,0.09480983443318623,0.0,0.0,0.0,0.0,0.0,0.0,0.0,0.0,0.0,0.0,0.0,0.0,0.0,0.18063833816386513,0.0,0.0,0.0,0.0,0.12109654987774462,0.0,0.0,0.0,0.0
0.0,0.0,0.0,0.0,0.0,0.0,0.0,0.10553931165167559,0.0,0.0,0.0,0.12597224635921145,0.0,0.07381635744982311,0.0,0.0,0.0,0.0,0.1705179449084674,0.0,0.0,0.0,0.0,0.19240097122228553,0.0,0.0,0.0,0.0,0.0,0.0,0.0,0.0,0.0,0.0,0.19240097122228553,0.0,0.0,0.0,0.0,0.0,0.0,0.0,0.0,0.0,0.0,0.0,0.0,0.0,0.0,0.0,0.0,0.0,0.0,0.0,0.0,0.0,0.0,0.0,0.0,0.0,0.1331086643360543,0.0,0.0,0.1705179449084674,0.0,0.0,0.0,0.14294859222408868,0.0,0.0,0.0,0.0,0.0,0.2126950187790434,0.0,0.0,0.0,0.0,0.0,0.0,0.0,0.0,0.0,0.0,0.12478912384910082,0.0,0.15499169064987245,0.0,0.0,0.1705179449084674,0.0,0.0,0.0,0.0,0.0,0.0,0.0,0.0,0.0,0.0,0.0,0.0,0.0,0.0,0.0,0.0,0.0,0.0,0.0,0.0,0.0,0.0,0.0,0.0,0.0,0.0,0.0,0.0,0.0,0.0,0.0,0.0,0.0,0.0,0.0,0.0,0.0,0.15499169064987245,0.0,0.0,0.0,0.0,0.0,0.0,0.0,0.0,0.0,0.1705179449084674,0.0,0.0,0.0,0.0,0.15499169064987245,0.0,0.0,0.0,0.1705179449084674,0.14294859222408868,0.0,0.0,0.0,0.0,0.0,0.0,0.0,0.0,0.0,0.0,0.0,0.0,0.0,0.11122563802223619,0.0,0.0,0.0,0.0,0.0,0.0,0.0,0.14294859222408868,0.0,0.0,0.0,0.0,0.0,0.0,0.1705179449084674,0.0,0.0,0.0,0.0,0.19240097122228553,0.0,0.0,0.0,0.0,0.0,0.0,0.0,0.0,0.0,0.0,0.0,0.0,0.0,0.0,0.11122563802223619,0.0,0.0,0.0,0.19240097122228553,0.0,0.0,0.0,0.0,0.0,0.0,0.19240097122228553,0.0,0.0,0.0,0.0,0.0,0.0,0.0,0.0,0.0,0.0,0.0,0.19240097122228553,0.0,0.0,0.0,0.0,0.0,0.0,0.0,0.0,0.0,0.0,0.0,0.0,0.0,0.0,0.0,0.11122563802223619,0.1331086643360543,0.19240097122228553,0.0,0.0,0.0,0.0,0.0,0.0,0.0,0.0,0.18176116018160415,0.0,0.1003954037520188,0.0,0.28043466326739375,0.0,0.0,0.0,0.0,0.0,0.0,0.0,0.0,0.0,0.07381635744982311,0.0,0.0,0.0,0.0,0.14294859222408868,0.0,0.0,0.14294859222408868,0.0,0.0,0.0,0.0,0.0,0.0,0.0,0.0,0.0,0.0,0.0,0.0,0.0,0.0,0.06549681696286962,0.0,0.0,0.0,0.0,0.0,0.19240097122228553,0.0,0.0,0.11758241007745937,0.0,0.0,0.0,0.0,0.0,0.0,0.0,0.0,0.0,0.08365628533785748,0.0,0.19240097122228553,0.0,0.0
0.0,0.0,0.0,0.0,0.0,0.0,0.0,0.0,0.0,0.0,0.0,0.08583774694704632,0.10926026964357156,0.10059723462043844,0.0,0.0,0.0,0.0,0.0,0.0,0.0,0.0,0.0,0.0,0.0,0.0,0.0,0.0,0.0,0.0,0.0,0.0,0.0,0.0,0.0,0.0,0.0,0.0,0.0,0.0,0.0,0.0,0.0,0.21122331156914864,0.0,0.0,0.0,0.0,0.21122331156914864,0.0,0.0,0.0,0.0,0.0,0.0,0.0,0.0,0.0,0.0,0.0,0.0,0.0,0.0,0.0,0.0,0.0,0.0,0.0,0.194810927651138,0.0,0.0,0.0,0.0,0.0,0.0,0.3401262593717168,0.0,0.0,0.0,0.0,0.0,0.0,0.0,0.0,0.1700631296858584,0.0,0.0,0.0,0.0,0.0,0.0,0.0,0.0,0.0,0.0,0.0,0.0,0.0,0.0,0.0,0.0,0.0,0.0,0.0,0.0,0.0,0.0,0.0,0.0,0.0,0.0,0.0,0.21122331156914864,0.0,0.0,0.0,0.0,0.0,0.0,0.0,0.0,0.0,0.16024179060636012,0.0,0.21122331156914864,0.0,0.0,0.0,0.0,0.0,0.0,0.0,0.16024179060636012,0.0,0.0,0.0,0.0,0.0,0.0,0.0,0.0,0.23238255453897635,0.0,0.0,0.0,0.0,0.0,0.0,0.0,0.194810927651138,0.1700631296858584,0.0,0.0,0.0,0.0,0.0,0.0,0.0,0.0,0.0,0.0,0.15157875558322698,0.0,0.0,0.0,0.0,0.0,0.0,0.0,0.0,0.0,0.0,0.0,0.0,0.23238255453897635,0.0,0.0,0.0,0.0,0.0,0.0,0.0,0.0,0.0,0.0,0.0,0.0,0.0,0.0,0.0,0.0,0.0,0.0,0.0,0.0,0.0,0.0,0.0,0.0,0.0,0.0,0.0,0.0,0.0,0.0,0.0,0.0,0.0,0.0,0.0,0.0,0.0,0.0,0.0,0.21122331156914864,0.0,0.0,0.0,0.11400712869538863,0.0,0.0,0.0,0.0,0.0,0.0,0.0,0.0,0.0,0.0,0.0,0.0,0.0,0.0,0.0,0.0,0.0,0.0,0.0,0.0,0.0,0.0,0.15157875558322698,0.0,0.0,0.0,0.0,0.16513656961106474,0.0,0.13681926790983487,0.0,0.15287100361510056,0.0,0.0,0.0,0.0,0.194810927651138,0.0,0.0,0.0,0.0,0.10059723462043844,0.0,0.0,0.0,0.0,0.0,0.0,0.0,0.0,0.0,0.0,0.0,0.0,0.0,0.0,0.0,0.0,0.0,0.0,0.0,0.0,0.0,0.0,0.08925933073010903,0.0,0.0,0.0,0.0,0.0,0.0,0.0,0.0,0.16024179060636012,0.0,0.0,0.0,0.0,0.3401262593717168,0.0,0.0,0.0,0.0,0.11400712869538863,0.0,0.0,0.0,0.0
0.0,0.0,0.0,0.0,0.0,0.0,0.0,0.0,0.0,0.0,0.0,0.08434719840475709,0.10736299552537013,0.0,0.0,0.0,0.0,0.0,0.0,0.0,0.0,0.0,0.0,0.0,0.0,0.0,0.0,0.2576517187234774,0.0,0.0,0.0,0.0,0.0,0.0,0.0,0.0,0.0,0.0,0.0,0.0,0.0,0.0,0.0,0.20755547765744164,0.0,0.0,0.0,0.0,0.20755547765744164,0.0,0.0,0.0,0.0,0.0,0.0,0.0,0.0,0.0,0.0,0.0,0.0,0.0,0.0,0.0,0.0,0.0,0.0,0.0,0.1914280902100347,0.0,0.0,0.0,0.0,0.0,0.0,0.3342200617123868,0.0,0.0,0.0,0.0,0.0,0.0,0.0,0.0,0.1671100308561934,0.0,0.0,0.0,0.0,0.0,0.0,0.0,0.0,0.0,0.0,0.0,0.0,0.0,0.0,0.0,0.0,0.0,0.0,0.0,0.0,0.0,0.0,0.0,0.0,0.0,0.0,0.0,0.20755547765744164,0.0,0.0,0.0,0.0,0.0,0.0,0.0,0.0,0.0,0.1574592365914059,0.0,0.20755547765744164,0.0,0.0,0.0,0.0,0.0,0.0,0.0,0.1574592365914059,0.0,0.0,0.0,0.0,0.0,0.0,0.0,0.0,0.22834729627275924,0.0,0.0,0.0,0.0,0.0,0.0,0.0,0.1914280902100347,0.1671100308561934,0.0,0.0,0.0,0.0,0.0,0.0,0.0,0.0,0.0,0.0,0.0,0.0,0.0,0.0,0.0,0.0,0.0,0.0,0.0,0.0,0.0,0.0,0.0,0.22834729627275924,0.0,0.0,0.0,0.0,0.0,0.0,0.0,0.0,0.0,0.0,0.0,0.0,0.0,0.0,0.0,0.0,0.0,0.0,0.0,0.0,0.0,0.0,0.0,0.0,0.0,0.0,0.0,0.0,0.0,0.0,0.0,0.0,0.0,0.0,0.0,0.0,0.0,0.0,0.0,0.20755547765744164,0.0,0.0,0.0,0.1120274266932808,0.0,0.0,0.0,0.0,0.0,0.0,0.0,0.0,0.0,0.0,0.0,0.0,0.0,0.0,0.0,0.0,0.0,0.0,0.0,0.0,0.0,0.0,0.14894663275600534,0.0,0.0,0.0,0.0,0.16226901912346556,0.0,0.13444343947079282,0.0,0.1502164412611125,0.0,0.0,0.0,0.0,0.1914280902100347,0.0,0.0,0.0,0.0,0.09885039168996958,0.0,0.0,0.0,0.0,0.0,0.0,0.0,0.0,0.0,0.0,0.0,0.0,0.0,0.0,0.0,0.0,0.0,0.0,0.0,0.0,0.0,0.0,0.08770936733943949,0.0,0.0,0.0,0.0,0.0,0.0,0.0,0.0,0.1574592365914059,0.0,0.0,0.0,0.0,0.3342200617123868,0.0,0.0,0.0,0.0,0.1120274266932808,0.0,0.0,0.0,0.0
0.0,0.0,0.0,0.0,0.0,0.0,0.0,0.0,0.0,0.0,0.0,0.0,0.11336519706400616,0.0,0.0,0.0,0.0,0.0,0.0,0.0,0.0,0.0,0.0,0.0,0.0,0.0,0.0,0.0,0.0,0.0,0.2720559139025216,0.0,0.0,0.0,0.0,0.0,0.2720559139025216,0.0,0.0,0.0,0.0,0.0,0.0,0.0,0.0,0.0,0.0,0.0,0.2191590082896831,0.0,0.0,0.0,0.0,0.0,0.0,0.0,0.0,0.0,0.0,0.0,0.0,0.0,0.0,0.0,0.0,0.0,0.0,0.0,0.0,0.0,0.0,0.0,0.0,0.0,0.0,0.17645243118154147,0.0,0.0,0.0,0.0,0.0,0.0,0.0,0.0,0.17645243118154147,0.0,0.0,0.0,0.0,0.0,0.0,0.0,0.0,0.0,0.0,0.0,0.0,0.0,0.0,0.0,0.0,0.0,0.0,0.0,0.0,0.0,0.0,0.0,0.0,0.0,0.0,0.0,0.2191590082896831,0.0,0.0,0.0,0.0,0.0,0.0,0.0,0.0,0.0,0.0,0.0,0.2191590082896831,0.0,0.0,0.0,0.0,0.0,0.2720559139025216,0.0,0.0,0.0,0.0,0.0,0.0,0.0,0.0,0.0,0.0,0.0,0.0,0.0,0.0,0.0,0.0,0.0,0.0,0.2021300082403054,0.17645243118154147,0.0,0.0,0.0,0.0,0.0,0.0,0.0,0.0,0.0,0.0,0.0,0.2720559139025216,0.0,0.0,0.0,0.0,0.0,0.0,0.0,0.0,0.0,0.0,0.0,0.0,0.0,0.0,0.0,0.0,0.0,0.0,0.0,0.0,0.0,0.0,0.0,0.0,0.0,0.2191590082896831,0.0,0.0,0.0,0.0,0.0,0.0,0.0,0.0,0.0,0.0,0.0,0.0,0.0,0.0,0.0,0.0,0.0,0.0,0.0,0.0,0.0,0.0,0.0,0.0,0.0,0.0,0.0,0.0,0.0,0.11829039643976998,0.0,0.0,0.0,0.0,0.0,0.0,0.0,0.0,0.0,0.0,0.0,0.0,0.0,0.0,0.0,0.0,0.0,0.0,0.0,0.0,0.0,0.0,0.1572735959142892,0.0,0.0,0.0,0.0,0.17134077938397055,0.0,0.0,0.18821630210198617,0.1586143939305015,0.0,0.0,0.0,0.0,0.0,0.0,0.0,0.0,0.0,0.0,0.0,0.0,0.0,0.0,0.0,0.0,0.2720559139025216,0.0,0.0,0.0,0.0,0.0,0.0,0.0,0.0,0.0,0.0,0.0,0.0,0.0,0.0,0.0,0.0,0.0,0.0,0.0,0.0,0.0,0.0,0.2720559139025216,0.0,0.0,0.2720559139025216,0.0,0.0,0.0,0.0,0.0,0.0,0.0,0.0,0.11829039643976998,0.0,0.0,0.0,0.0
0.0,0.0,0.0,0.20684986695943292,0.0,0.0,0.0,0.12802636453223623,0.0,0.0,0.0,0.0,0.09725546000887032,0.0,0.20684986695943292,0.0,0.0,0.0,0.0,0.0,0.0,0.0,0.0,0.0,0.0,0.0,0.0,0.0,0.0,0.0,0.0,0.0,0.0,0.0,0.0,0.0,0.0,0.0,0.0,0.0,0.0,0.0,0.0,0.0,0.0,0.0,0.0,0.0,0.0,0.0,0.0,0.18801546434278948,0.0,0.0,0.0,0.0,0.0,0.0,0.0,0.0,0.0,0.0,0.0,0.0,0.0,0.0,0.0,0.0,0.0,0.0,0.0,0.18801546434278948,0.0,0.08600450891155152,0.0,0.0,0.0,0.0,0.0,0.12802636453223623,0.0,0.0,0.0,0.16146986479247336,0.0,0.0,0.0,0.0,0.20684986695943292,0.0,0.0,0.0,0.13492426524215717,0.0,0.0,0.0,0.0,0.0,0.0,0.0,0.0,0.0,0.17340636669919582,0.0,0.0,0.18801546434278948,0.0,0.0,0.0,0.0,0.0,0.0,0.0,0.0,0.0,0.0,0.0,0.0,0.0,0.0,0.0,0.0,0.14263546217582992,0.0,0.0,0.18801546434278948,0.0,0.0,0.0,0.0,0.0,0.0,0.0,0.0,0.20684986695943292,0.0,0.0,0.0,0.0,0.0,0.0,0.0,0.0,0.0,0.0,0.3229397295849467,0.0,0.0,0.0,0.0,0.0,0.0,0.0,0.0,0.0,0.0,0.0,0.15137769623030994,0.0,0.0,0.0,0.0,0.0,0.0,0.0,0.0,0.0,0.0,0.0,0.0,0.0,0.0,0.0,0.0,0.0,0.0,0.0,0.13492426524215717,0.14263546217582992,0.0,0.0,0.0,0.0,0.0,0.0,0.0,0.0,0.0,0.0,0.0,0.0,0.0,0.0,0.0,0.0,0.0,0.0,0.0,0.26984853048431434,0.0,0.0,0.0,0.0,0.0,0.0,0.0,0.0,0.0,0.18801546434278948,0.0,0.0,0.0,0.0,0.0,0.0,0.0,0.0,0.0,0.0,0.0,0.18801546434278948,0.0,0.0,0.0,0.0,0.0,0.0,0.0,0.0,0.0,0.0,0.0,0.0,0.0,0.0,0.0,0.0,0.0,0.0,0.0,0.20684986695943292,0.13492426524215717,0.0,0.0,0.0,0.0,0.14699243461693096,0.0,0.0,0.0,0.20411179416504893,0.0,0.0,0.0,0.0,0.0,0.0,0.0,0.0,0.0,0.0,0.0,0.0,0.0,0.0,0.17340636669919582,0.0,0.0,0.0,0.0,0.0,0.0,0.0,0.0,0.0,0.0,0.0,0.0,0.0,0.0,0.0,0.0,0.0,0.0,0.0,0.0,0.0,0.0,0.0,0.0,0.0,0.0,0.14263546217582992,0.0,0.0,0.0,0.0,0.0,0.0,0.0,0.20684986695943292,0.0,0.0,0.12802636453223623,0.0,0.0,0.0
0.0,0.0,0.0,0.20684986695943292,0.0,0.0,0.0,0.12802636453223623,0.0,0.0,0.0,0.0,0.09725546000887032,0.0,0.20684986695943292,0.0,0.0,0.0,0.0,0.0,0.0,0.0,0.0,0.0,0.0,0.0,0.0,0.0,0.0,0.0,0.0,0.0,0.0,0.0,0.0,0.0,0.0,0.0,0.0,0.0,0.0,0.0,0.0,0.0,0.0,0.0,0.0,0.0,0.0,0.0,0.0,0.18801546434278948,0.0,0.0,0.0,0.0,0.0,0.0,0.0,0.0,0.0,0.0,0.0,0.0,0.0,0.0,0.0,0.0,0.0,0.0,0.0,0.18801546434278948,0.0,0.08600450891155152,0.0,0.0,0.0,0.0,0.0,0.12802636453223623,0.0,0.0,0.0,0.16146986479247336,0.0,0.0,0.0,0.0,0.20684986695943292,0.0,0.0,0.0,0.13492426524215717,0.0,0.0,0.0,0.0,0.0,0.0,0.0,0.0,0.0,0.17340636669919582,0.0,0.0,0.18801546434278948,0.0,0.0,0.0,0.0,0.0,0.0,0.0,0.0,0.0,0.0,0.0,0.0,0.0,0.0,0.0,0.0,0.14263546217582992,0.0,0.0,0.18801546434278948,0.0,0.0,0.0,0.0,0.0,0.0,0.0,0.0,0.20684986695943292,0.0,0.0,0.0,0.0,0.0,0.0,0.0,0.0,0.0,0.0,0.3229397295849467,0.0,0.0,0.0,0.0,0.0,0.0,0.0,0.0,0.0,0.0,0.0,0.15137769623030994,0.0,0.0,0.0,0.0,0.0,0.0,0.0,0.0,0.0,0.0,0.0,0.0,0.0,0.0,0.0,0.0,0.0,0.0,0.0,0.13492426524215717,0.14263546217582992,0.0,0.0,0.0,0.0,0.0,0.0,0.0,0.0,0.0,0.0,0.0,0.0,0.0,0.0,0.0,0.0,0.0,0.0,0.0,0.26984853048431434,0.0,0.0,0.0,0.0,0.0,0.0,0.0,0.0,0.0,0.18801546434278948,0.0,0.0,0.0,0.0,0.0,0.0,0.0,0.0,0.0,0.0,0.0,0.18801546434278948,0.0,0.0,0.0,0.0,0.0,0.0,0.0,0.0,0.0,0.0,0.0,0.0,0.0,0.0,0.0,0.0,0.0,0.0,0.0,0.20684986695943292,0.13492426524215717,0.0,0.0,0.0,0.0,0.14699243461693096,0.0,0.0,0.0,0.20411179416504893,0.0,0.0,0.0,0.0,0.0,0.0,0.0,0.0,0.0,0.0,0.0,0.0,0.0,0.0,0.17340636669919582,0.0,0.0,0.0,0.0,0.0,0.0,0.0,0.0,0.0,0.0,0.0,0.0,0.0,0.0,0.0,0.0,0.0,0.0,0.0,0.0,0.0,0.0,0.0,0.0,0.0,0.0,0.14263546217582992,0.0,0.0,0.0,0.0,0.0,0.0,0.0,0.20684986695943292,0.0,0.0,0.12802636453223623,0.0,0.0,0.0
0.0,0.0,0.0,0.0,0.0,0.19954287834315543,0.0,0.0,0.0,0.0,0.0,0.08792274285032886,0.0,0.0,0.0,0.0,0.0,0.0,0.0,0.0,0.0,0.0,0.0,0.0,0.0,0.0,0.0,0.0,0.0,0.0,0.0,0.0,0.0,0.0,0.0,0.0,0.0,0.0,0.0,0.0,0.0,0.0,0.0,0.0,0.0,0.0,0.0,0.0,0.0,0.0,0.0,0.0,0.0,0.0,0.0,0.0,0.0,0.0,0.0,0.1858072584051188,0.0,0.0,0.0,0.0,0.0,0.0,0.0,0.0,0.19954287834315543,0.0,0.0,0.0,0.0,0.1979349153710184,0.0,0.0,0.0,0.0,0.0,0.0,0.2163539184986517,0.0,0.0,0.1858072584051188,0.0,0.0,0.0,0.0,0.0,0.0,0.0,0.0,0.0,0.0,0.0,0.17419395722159467,0.0,0.0,0.0,0.0,0.2163539184986517,0.0,0.0,0.0,0.0,0.0,0.0,0.0,0.0,0.0,0.0,0.0,0.0,0.0,0.0,0.0,0.0,0.0,0.0,0.0,0.0,0.0,0.0,0.17419395722159467,0.0,0.0,0.0,0.0,0.0,0.23802711874808818,0.0,0.0,0.16413405815568233,0.0,0.0,0.0,0.0,0.0,0.0,0.0,0.0,0.0,0.0,0.0,0.0,0.0,0.0,0.19954287834315543,0.0,0.0,0.0,0.0,0.0,0.0,0.0,0.0,0.0,0.17419395722159467,0.0,0.0,0.0,0.0,0.0,0.0,0.0,0.0,0.2163539184986517,0.0,0.0,0.0,0.0,0.0,0.0,0.0,0.0,0.0,0.0,0.15526059831158587,0.0,0.0,0.0,0.0,0.0,0.0,0.0,0.0,0.0,0.0,0.0,0.0,0.0,0.0,0.0,0.0,0.0,0.0,0.0,0.23802711874808818,0.0,0.0,0.0,0.0,0.0,0.23802711874808818,0.0,0.0,0.0,0.0,0.0,0.0,0.0,0.0,0.0,0.0,0.0,0.0,0.0,0.0,0.11677635790665312,0.0,0.0,0.0,0.0,0.0,0.0,0.0,0.0,0.0,0.0,0.0,0.0,0.0,0.0,0.0,0.0,0.0,0.0,0.0,0.0,0.17419395722159467,0.0,0.0,0.17419395722159467,0.0,0.0,0.0,0.2537215967595714,0.0,0.14014260319329824,0.0,0.2348763525051611,0.0,0.0,0.0,0.0,0.19954287834315543,0.0,0.0,0.0,0.0,0.10304073796861647,0.0,0.0,0.0,0.0,0.19954287834315543,0.0,0.0,0.0,0.0,0.0,0.0,0.0,0.0,0.0,0.0,0.0,0.0,0.0,0.0,0.0,0.0,0.0,0.09142743678509235,0.0,0.0,0.0,0.0,0.0,0.0,0.0,0.0,0.0,0.0,0.0,0.0,0.0,0.0,0.0,0.0,0.0,0.0,0.0,0.0,0.0,0.0,0.0
0.0,0.0,0.0,0.0,0.0,0.0,0.0,0.0,0.0,0.0,0.0,0.20864910183018565,0.0,0.12226277713873049,0.0,0.0,0.0,0.0,0.0,0.0,0.0,0.0,0.0,0.0,0.0,0.0,0.0,0.0,0.0,0.0,0.0,0.0,0.0,0.0,0.0,0.0,0.0,0.0,0.0,0.0,0.0,0.0,0.0,0.0,0.0,0.0,0.0,0.0,0.0,0.0,0.3186756686255584,0.0,0.0,0.0,0.0,0.0,0.0,0.0,0.3186756686255584,0.0,0.0,0.0,0.0,0.0,0.17480582604763514,0.0,0.0,0.0,0.0,0.0,0.0,0.0,0.0,0.11742963473995603,0.0,0.0,0.0,0.0,0.0,0.0,0.0,0.0,0.0,0.0,0.0,0.0,0.0,0.0,0.0,0.0,0.0,0.0,0.0,0.0,0.0,0.0,0.0,0.0,0.0,0.0,0.0,0.0,0.0,0.0,0.0,0.0,0.0,0.3186756686255584,0.0,0.0,0.0,0.0,0.0,0.0,0.0,0.0,0.0,0.0,0.0,0.0,0.0,0.0,0.0,0.20668948408719692,0.0,0.0,0.0,0.0,0.0,0.0,0.0,0.0,0.0,0.0,0.0,0.0,0.0,0.0,0.0,0.0,0.0,0.0,0.0,0.0,0.0,0.0,0.0,0.0,0.0,0.0,0.0,0.0,0.0,0.0,0.0,0.0,0.0,0.0,0.0,0.0,0.0,0.18422414575075136,0.0,0.0,0.0,0.0,0.0,0.0,0.0,0.0,0.0,0.0,0.0,0.0,0.0,0.0,0.0,0.0,0.0,0.0,0.0,0.0,0.0,0.0,0.0,0.0,0.0,0.0,0.0,0.0,0.0,0.0,0.0,0.0,0.0,0.0,0.18422414575075136,0.0,0.0,0.0,0.0,0.0,0.0,0.0,0.0,0.0,0.0,0.0,0.0,0.0,0.0,0.0,0.0,0.0,0.0,0.0,0.0,0.0,0.0,0.0,0.0,0.0,0.0,0.0,0.0,0.0,0.0,0.236767194659656,0.0,0.0,0.0,0.0,0.0,0.0,0.0,0.0,0.0,0.0,0.0,0.0,0.0,0.0,0.0,0.0,0.0,0.0,0.10035094743901653,0.0,0.16628591952711366,0.0,0.18579470416346563,0.0,0.0,0.0,0.0,0.0,0.0,0.0,0.0,0.0,0.12226277713873049,0.0,0.0,0.0,0.0,0.0,0.0,0.0,0.0,0.0,0.0,0.0,0.0,0.0,0.3496116520952703,0.0,0.0,0.0,0.0,0.22046922288214446,0.0,0.0,0.0,0.21696607668756598,0.0,0.0,0.0,0.0,0.0,0.0,0.0,0.0,0.0,0.0,0.0,0.0,0.0,0.0,0.0,0.3186756686255584,0.0,0.0,0.1385607489162421,0.0,0.0,0.0,0.0
0.0,0.0,0.0,0.0,0.0,0.1838154867746325,0.0,0.0,0.0,0.0,0.0,0.08099292698284564,0.10309344497155773,0.09491936552476955,0.0,0.0,0.0,0.0,0.0,0.0,0.0,0.0,0.0,0.0,0.0,0.0,0.0,0.0,0.0,0.0,0.0,0.0,0.0,0.0,0.0,0.0,0.0,0.21926651084485504,0.0,0.0,0.0,0.0,0.21926651084485504,0.0,0.0,0.0,0.0,0.0,0.0,0.0,0.0,0.0,0.1711624686061785,0.0,0.0,0.0,0.0,0.0,0.0,0.1711624686061785,0.0,0.0,0.0,0.0,0.0,0.0,0.0,0.0,0.0,0.0,0.0,0.0,0.0,0.0,0.0,0.0,0.0,0.0,0.0,0.0,0.0,0.0,0.0,0.0,0.0,0.0,0.0,0.0,0.0,0.0,0.24740557168758745,0.24740557168758745,0.0,0.0,0.0,0.0,0.0,0.0,0.0,0.0,0.0,0.0,0.0,0.0,0.0,0.0,0.1838154867746325,0.0,0.0,0.0,0.0,0.0,0.0,0.0,0.0,0.0,0.0,0.0,0.0,0.0,0.0,0.0,0.15119748721023432,0.0,0.0,0.0,0.0,0.0,0.0,0.0,0.0,0.0,0.15119748721023432,0.0,0.0,0.0,0.0,0.0,0.0,0.0,0.0,0.0,0.0,0.0,0.0,0.0,0.0,0.0,0.0,0.0,0.0,0.0,0.0,0.0,0.0,0.0,0.0,0.3209289883532969,0.0,0.0,0.0,0.0,0.0,0.0,0.0,0.0,0.0,0.21926651084485504,0.0,0.0,0.0,0.0,0.0,0.0,0.0,0.0,0.0,0.0,0.0,0.0,0.0,0.0,0.0,0.0,0.0,0.0,0.0,0.0,0.0,0.0,0.0,0.0,0.0,0.0,0.0,0.0,0.14302340776344613,0.0,0.0,0.0,0.0,0.0,0.0,0.0,0.0,0.24740557168758745,0.0,0.0,0.0,0.0,0.0,0.0,0.0,0.0,0.0,0.0,0.0,0.0,0.10757238369322357,0.0,0.0,0.0,0.0,0.21926651084485504,0.0,0.19930152944891086,0.0,0.1838154867746325,0.0,0.0,0.0,0.0,0.0,0.0,0.0,0.0,0.0,0.0,0.0,0.0,0.0,0.14302340776344613,0.0,0.0,0.0,0.0,0.3116319940913082,0.0,0.1290969692215222,0.0,0.21636407886900302,0.0,0.0,0.0,0.0,0.0,0.0,0.0,0.0,0.0,0.0,0.0,0.0,0.0,0.0,0.0,0.0,0.0,0.0,0.0,0.0,0.0,0.0,0.0,0.0,0.0,0.0,0.0,0.0,0.1711624686061785,0.0,0.0,0.0,0.08422139109523952,0.0,0.0,0.0,0.0,0.0,0.0,0.0,0.0,0.0,0.0,0.0,0.0,0.0,0.0,0.0,0.0,0.0,0.0,0.0,0.0,0.0,0.0,0.0
0.0,0.0,0.0,0.0,0.0,0.0,0.0,0.2799954631541506,0.0,0.0,0.0,0.05570066248604372,0.07089968713071076,0.06527818834852589,0.0,0.0,0.0,0.17014639128495446,0.0,0.0,0.0,0.0,0.0,0.0,0.0,0.0,0.0,0.0,0.0,0.0,0.0,0.0,0.13706415656687324,0.0,0.0,0.0,0.0,0.0,0.0,0.0,0.0,0.0,0.0,0.0,0.0,0.0,0.0,0.0,0.0,0.0,0.0,0.0,0.11771228981674019,0.0,0.0,0.0,0.0,0.0,0.0,0.0,0.0,0.0,0.0,0.0,0.0,0.0,0.0,0.0,0.0,0.0,0.0,0.0,0.0,0.12539538187579966,0.0,0.0,0.17014639128495446,0.0,0.0,0.0,0.13706415656687324,0.0,0.0,0.0,0.0,0.0,0.13706415656687324,0.0,0.0,0.0,0.0,0.0,0.0,0.0,0.0,0.11035505153456539,0.17014639128495446,0.0,0.17014639128495446,0.12641405576946477,0.0,0.0,0.0,0.1507945245348214,0.0,0.0,0.0,0.0,0.0,0.0,0.17014639128495446,0.13706415656687324,0.0,0.0,0.0,0.0,0.0,0.0,0.0,0.0,0.1507945245348214,0.0,0.0,0.11035505153456539,0.0,0.0,0.13706415656687324,0.0,0.0,0.0,0.0,0.17014639128495446,0.0,0.0,0.0,0.0,0.1507945245348214,0.0,0.0,0.0,0.0,0.0,0.0,0.0,0.0,0.11771228981674019,0.0,0.0,0.0,0.0,0.0,0.0,0.0,0.0,0.0,0.1507945245348214,0.0,0.0,0.0,0.17014639128495446,0.0,0.0,0.0,0.0,0.0,0.0,0.0,0.0,0.0,0.0,0.0,0.0,0.0,0.0,0.0,0.3015890490696428,0.1507945245348214,0.0,0.0,0.1507945245348214,0.0,0.0,0.0,0.0,0.0,0.0,0.12641405576946477,0.0,0.0,0.0,0.0,0.0,0.0,0.0,0.0,0.0,0.0,0.0,0.0,0.0,0.0,0.0,0.0,0.0,0.0,0.0,0.0,0.0,0.0,0.0,0.0,0.0,0.0,0.0,0.13706415656687324,0.0,0.0,0.0,0.0,0.0,0.0,0.0,0.0,0.0,0.0,0.0,0.0,0.0,0.0,0.0,0.0,0.0,0.0,0.0,0.0,0.0,0.0,0.0,0.0,0.0,0.0,0.09836042306660712,0.0,0.0,0.0,0.11771228981674019,0.10715817522194986,0.0,0.08878289720412494,0.0,0.2975969132153632,0.0,0.0,0.11771228981674019,0.0,0.0,0.0,0.0,0.0,0.0,0.13055637669705178,0.0,0.0,0.0,0.0,0.0,0.0,0.0,0.12641405576946477,0.0,0.0,0.13706415656687324,0.0,0.0,0.0,0.0,0.0,0.0,0.0,0.0,0.0,0.13706415656687324,0.12641405576946477,0.05792095006635111,0.0,0.0,0.0,0.0,0.1507945245348214,0.0,0.0,0.0,0.0,0.0,0.0,0.0,0.0,0.0,0.0,0.0,0.0,0.0,0.0,0.09333182105138355,0.0,0.0,0.0
0.0,0.0,0.0,0.0,0.0,0.0,0.0,0.24773688018353457,0.0,0.0,0.0,0.07392499253202964,0.09409688516674777,0.08663612551068525,0.0,0.0,0.0,0.0,0.0,0.0,0.0,0.0,0.0,0.0,0.0,0.0,0.0,0.0,0.0,0.0,0.0,0.0,0.18190926819144784,0.0,0.0,0.0,0.0,0.0,0.0,0.0,0.0,0.0,0.0,0.0,0.0,0.0,0.0,0.0,0.0,0.0,0.0,0.0,0.1562257926072416,0.0,0.0,0.0,0.0,0.0,0.0,0.0,0.0,0.0,0.0,0.0,0.0,0.0,0.0,0.0,0.0,0.0,0.0,0.0,0.0,0.16642266456062596,0.0,0.0,0.0,0.0,0.0,0.0,0.0,0.0,0.0,0.0,0.0,0.0,0.0,0.0,0.0,0.0,0.0,0.0,0.0,0.0,0.0,0.14646138836514824,0.0,0.0,0.0,0.16777463160411732,0.0,0.0,0.0,0.2001319841195916,0.0,0.0,0.0,0.0,0.0,0.0,0.0,0.18190926819144784,0.0,0.0,0.0,0.0,0.0,0.0,0.0,0.0,0.0,0.0,0.0,0.14646138836514824,0.0,0.0,0.18190926819144784,0.0,0.2258154597037979,0.0,0.0,0.0,0.0,0.0,0.0,0.0,0.2001319841195916,0.0,0.0,0.0,0.0,0.0,0.0,0.0,0.0,0.1562257926072416,0.2001319841195916,0.0,0.0,0.0,0.0,0.0,0.0,0.0,0.0,0.0,0.0,0.0,0.0,0.0,0.0,0.0,0.0,0.0,0.0,0.0,0.0,0.0,0.0,0.0,0.0,0.0,0.0,0.0,0.0,0.0,0.0,0.0,0.0,0.2001319841195916,0.0,0.0,0.0,0.0,0.0,0.0,0.0,0.0,0.0,0.0,0.0,0.0,0.0,0.2258154597037979,0.0,0.0,0.0,0.0,0.1305423170230353,0.0,0.0,0.0,0.0,0.0,0.0,0.0,0.0,0.0,0.0,0.0,0.0,0.0,0.0,0.0,0.0,0.0,0.0,0.0,0.0,0.0,0.0,0.0,0.0,0.2001319841195916,0.0,0.0,0.0,0.0,0.0,0.0,0.0,0.0,0.0,0.0,0.0,0.0,0.0,0.0,0.0,0.0,0.0,0.1305423170230353,0.0,0.0,0.0,0.3124515852144832,0.0,0.0,0.11783118404437967,0.0,0.2633104479683469,0.0,0.0,0.1562257926072416,0.0,0.0,0.0,0.0,0.0,0.0,0.0,0.0,0.0,0.0,0.0,0.0,0.0,0.0,0.16777463160411732,0.0,0.0,0.0,0.0,0.0,0.0,0.0,0.0,0.0,0.0,0.0,0.0,0.18190926819144784,0.16777463160411732,0.07687172126859193,0.0,0.0,0.0,0.0,0.0,0.0,0.0,0.0,0.0,0.0,0.0,0.0,0.0,0.0,0.0,0.0,0.0,0.0,0.0,0.0,0.0,0.18190926819144784,0.0
0.0,0.0,0.0,0.0,0.0,0.0,0.0,0.1392740887255218,0.0,0.0,0.0,0.08311912187892104,0.10579981409146595,0.09741115188236378,0.0,0.0,0.0,0.0,0.0,0.0,0.0,0.0,0.0,0.0,0.0,0.0,0.0,0.0,0.0,0.0,0.0,0.0,0.0,0.0,0.0,0.0,0.0,0.0,0.0,0.0,0.0,0.0,0.0,0.0,0.0,0.0,0.0,0.0,0.0,0.0,0.0,0.0,0.17565575932559158,0.0,0.0,0.0,0.0,0.0,0.0,0.0,0.0,0.0,0.0,0.0,0.0,0.0,0.0,0.0,0.0,0.0,0.0,0.0,0.0,0.0935604135031603,0.0,0.0,0.0,0.0,0.0,0.0,0.0,0.0,0.0,0.0,0.0,0.0,0.0,0.0,0.0,0.0,0.0,0.0,0.0,0.2539003667688194,0.0,0.0,0.0,0.0,0.0,0.3772818792359459,0.0,0.0,0.0,0.0,0.0,0.20453351587636823,0.0,0.0,0.0,0.0,0.0,0.0,0.0,0.0,0.0,0.0,0.0,0.0,0.0,0.0,0.0,0.0,0.0,0.16467694582186398,0.0,0.0,0.0,0.0,0.0,0.0,0.0,0.0,0.0,0.0,0.0,0.0,0.0,0.0,0.0,0.0,0.0,0.0,0.0,0.0,0.0,0.17565575932559158,0.0,0.0,0.0,0.0,0.0,0.0,0.0,0.0,0.0,0.0,0.0,0.0,0.0,0.0,0.0,0.0,0.0,0.2539003667688194,0.0,0.0,0.0,0.0,0.0,0.0,0.0,0.0,0.0,0.0,0.0,0.0,0.0,0.1467780027748149,0.15516666498391712,0.0,0.0,0.0,0.0,0.0,0.0,0.0,0.0,0.0,0.0,0.0,0.0,0.0,0.0,0.0,0.0,0.0,0.0,0.0,0.1467780027748149,0.0,0.0,0.0,0.0,0.0,0.2539003667688194,0.0,0.0,0.0,0.0,0.0,0.0,0.0,0.0,0.0,0.0,0.0,0.0,0.0,0.0,0.0,0.0,0.0,0.0,0.0,0.0,0.0,0.0,0.0,0.0,0.0,0.0,0.0,0.0,0.0,0.0,0.0,0.0,0.0,0.0,0.0,0.0,0.0,0.0,0.0,0.0,0.17565575932559158,0.0,0.0,0.0,0.17565575932559158,0.2960586462987016,0.0,0.0,0.0,0.0,0.0,0.0,0.0,0.2539003667688194,0.0,0.0,0.0,0.0,0.0,0.0,0.0,0.0,0.0,0.0,0.0,0.0,0.0,0.18864093961797296,0.0,0.1392740887255218,0.0,0.0,0.0,0.0,0.0,0.0,0.20453351587636823,0.18864093961797296,0.0,0.0,0.0,0.2539003667688194,0.0,0.0,0.0,0.0,0.0,0.0,0.0,0.0,0.0,0.0,0.0,0.0,0.0,0.0,0.0,0.0,0.0,0.0,0.0,0.0
0.0,0.0,0.0,0.0,0.0,0.0,0.0,0.0,0.0,0.0,0.0,0.23968817009763244,0.0,0.05618033543664622,0.0,0.0,0.0,0.0,0.0,0.0,0.0,0.0,0.0,0.0,0.0,0.0,0.0,0.0,0.0,0.14643300584090824,0.0,0.0,0.0,0.0,0.0,0.0,0.0,0.0,0.0,0.0,0.0,0.0,0.0,0.11796145829224473,0.14643300584090824,0.0,0.10130667063877724,0.0,0.0,0.14643300584090824,0.0,0.0,0.10130667063877724,0.0,0.0,0.12977821818744073,0.0,0.14643300584090824,0.0,0.10130667063877724,0.0,0.0,0.0,0.0,0.0,0.0,0.0,0.0,0.0,0.0,0.0,0.0,0.0,0.16187844962186035,0.0,0.0,0.0,0.14643300584090824,0.0,0.0,0.0,0.0,0.0,0.10130667063877724,0.0,0.0,0.0,0.0,0.0,0.0,0.0,0.0,0.0,0.0,0.0,0.0,0.0,0.0,0.0,0.0,0.0,0.0,0.0,0.0,0.0,0.0,0.0,0.0,0.0,0.0,0.0,0.0,0.0,0.12977821818744073,0.14643300584090824,0.0,0.14643300584090824,0.0,0.0,0.0,0.0,0.0,0.08948991074358124,0.0,0.0,0.0,0.0,0.0,0.0,0.12977821818744073,0.0,0.0,0.0,0.0,0.0,0.0,0.0,0.0,0.12977821818744073,0.0,0.0,0.0,0.0,0.0,0.0,0.0,0.0,0.10879566723140854,0.0,0.10879566723140854,0.0,0.0,0.0,0.0,0.0,0.0,0.10879566723140854,0.18994962848046829,0.0,0.0,0.0,0.08465188298530972,0.0,0.0,0.0,0.0,0.0,0.0,0.0,0.0,0.0,0.14643300584090824,0.0,0.0,0.0,0.0,0.0,0.0,0.0,0.0,0.0,0.0,0.0,0.0,0.0,0.14643300584090824,0.10879566723140854,0.0,0.0,0.0,0.0,0.0,0.0,0.0,0.14643300584090824,0.0,0.08465188298530972,0.12977821818744073,0.16930376597061944,0.0,0.0,0.0,0.0,0.0,0.0,0.0,0.0,0.0,0.11796145829224473,0.0,0.0,0.0,0.0,0.0,0.0,0.12977821818744073,0.12977821818744073,0.14643300584090824,0.06366933202927753,0.0,0.0,0.0,0.0,0.0,0.0,0.0,0.0,0.10879566723140854,0.0,0.0,0.0,0.14643300584090824,0.0,0.14643300584090824,0.0,0.0,0.0,0.0,0.0,0.09497481424023414,0.0,0.0,0.0,0.0,0.12977821818744073,0.20261334127755448,0.13833523220510763,0.0,0.07640918156818999,0.0,0.2988074675127174,0.0,0.14643300584090824,0.0,0.0,0.0,0.0,0.0,0.0,0.0,0.11236067087329243,0.0,0.0,0.0,0.0,0.0,0.0,0.0,0.0,0.0,0.0,0.0,0.0,0.0,0.0,0.12977821818744073,0.0,0.14643300584090824,0.0,0.0,0.0,0.0,0.0,0.1495454371143094,0.0,0.0,0.0,0.14643300584090824,0.0,0.0,0.0,0.0,0.0,0.0,0.0,0.0,0.0,0.0,0.0,0.0,0.0,0.0,0.0,0.0,0.0,0.0,0.0
0.0,0.0,0.0,0.0,0.0,0.0,0.1622780550650499,0.3013180971116831,0.0,0.0,0.13604092831909395,0.05994246277810094,0.0,0.0702493507376828,0.0,0.0,0.0,0.0,0.0,0.0,0.0,0.0,0.0,0.0,0.0,0.0,0.0,0.0,0.0,0.0,0.0,0.0,0.0,0.0,0.0,0.0,0.0,0.0,0.0,0.0,0.0,0.13604092831909395,0.0,0.0,0.0,0.0,0.12667649244985035,0.0,0.0,0.0,0.0,0.0,0.0,0.0,0.0,0.0,0.0,0.0,0.0,0.0,0.12667649244985035,0.0,0.0,0.0,0.3013180971116831,0.0,0.0,0.0,0.0,0.0,0.0,0.0,0.0,0.20241701826757988,0.0,0.0,0.0,0.0,0.0,0.10043936570389439,0.0,0.0,0.0,0.0,0.0,0.0,0.0,0.0,0.0,0.0,0.0,0.0,0.10585091335288237,0.0,0.0,0.0,0.0,0.0,0.0,0.0,0.0,0.0,0.0,0.0,0.0,0.0,0.0,0.0,0.0,0.0,0.0,0.0,0.0,0.0,0.0,0.0,0.0,0.0,0.0,0.0,0.0,0.0,0.0,0.0,0.0,0.0,0.0,0.0,0.0,0.0,0.0,0.0,0.0,0.0,0.0,0.1622780550650499,0.0,0.0,0.1622780550650499,0.0,0.0,0.0,0.1475020715468183,0.0,0.18310363416201786,0.0,0.0,0.0,0.0,0.0,0.0,0.0,0.0,0.0,0.0,0.0,0.2720818566381879,0.0,0.0,0.0,0.0,0.0,0.0,0.0,0.0,0.0,0.0,0.0,0.0,0.0,0.0,0.0,0.0,0.0,0.0,0.1622780550650499,0.0,0.10585091335288237,0.0,0.0,0.1622780550650499,0.0,0.12667649244985035,0.0,0.0,0.0,0.0,0.0,0.0,0.18310363416201786,0.0,0.0,0.0,0.0,0.0,0.1475020715468183,0.0,0.0,0.0,0.0,0.0,0.1475020715468183,0.0,0.0,0.0,0.0,0.0,0.0,0.0,0.0,0.1622780550650499,0.0,0.0,0.0,0.0,0.0,0.0,0.0,0.07961378660692643,0.0,0.0,0.0,0.0,0.0,0.0,0.0,0.0,0.0,0.1475020715468183,0.0,0.0,0.0,0.18310363416201786,0.0,0.0,0.10585091335288237,0.12667649244985035,0.0,0.0,0.23751794947298988,0.0,0.0,0.0,0.0,0.0,0.0,0.2306372902196762,0.0,0.0,0.12667649244985035,0.05337665986097049,0.0,0.0,0.0,0.0,0.0,0.11875897473649494,0.0,0.0,0.0,0.0702493507376828,0.0,0.0,0.0,0.0,0.0,0.0,0.0,0.13604092831909395,0.0,0.0,0.0,0.0,0.0,0.0,0.0,0.0,0.0,0.0,0.0,0.0,0.0,0.0,0.06233183302432741,0.0,0.0,0.0,0.0,0.0,0.0,0.0,0.0,0.0,0.0,0.0,0.0,0.0,0.0,0.0,0.0,0.0,0.0,0.07961378660692643,0.0,0.0,0.1475020715468183,0.0
0.0,0.0,0.0,0.0,0.13860877052862255,0.0,0.0,0.0,0.156396806705296,0.0,0.0,0.1023989480869705,0.0,0.060003036961966336,0.0,0.0,0.0,0.0,0.0,0.0,0.0,0.0,0.0,0.0,0.0,0.0,0.0,0.0,0.0,0.0,0.0,0.0,0.0,0.0,0.0,0.156396806705296,0.0,0.0,0.0,0.13860877052862255,0.0,0.0,0.0,0.0,0.0,0.156396806705296,0.0,0.0,0.0,0.0,0.0,0.0,0.0,0.13860877052862255,0.0,0.0,0.0,0.0,0.0,0.10819992183363117,0.0,0.0,0.0,0.13860877052862255,0.08578964658721656,0.0,0.0,0.0,0.11619849528220796,0.0,0.0,0.0,0.0,0.11526214075338075,0.0,0.20287444868459667,0.0,0.0,0.0,0.08578964658721656,0.0,0.0,0.0,0.0,0.10143722434229833,0.156396806705296,0.0,0.0,0.0,0.0,0.0,0.0,0.09041188565695772,0.0,0.0,0.0,0.0,0.0,0.0,0.0,0.0,0.0,0.0,0.0,0.0,0.0,0.0,0.0,0.0,0.0,0.0,0.0,0.0,0.0,0.0,0.0,0.0,0.0,0.0,0.0,0.0,0.0,0.0,0.10143722434229833,0.0,0.0,0.0,0.0,0.0,0.0,0.0,0.0,0.09557910931531322,0.0,0.0,0.13860877052862255,0.0,0.13860877052862255,0.0,0.0,0.0,0.0,0.0,0.13860877052862255,0.0,0.0,0.0,0.0,0.0,0.0,0.0,0.0,0.0,0.0,0.0,0.13860877052862255,0.0,0.0,0.0,0.0,0.0,0.09041188565695772,0.0,0.0,0.0,0.0,0.0,0.13860877052862255,0.0,0.0,0.0,0.0,0.0,0.0,0.0,0.0,0.0,0.0,0.09557910931531322,0.0,0.0,0.0,0.0,0.0,0.0,0.0,0.0,0.0,0.0,0.0,0.0,0.0,0.0,0.0,0.0,0.0,0.0,0.0,0.09041188565695772,0.0,0.0,0.1259879580103046,0.0,0.2772175410572451,0.0,0.0,0.0,0.0,0.0,0.0,0.0,0.0,0.0,0.0,0.0,0.0,0.13860877052862255,0.0,0.06800161041054313,0.0,0.0,0.0,0.156396806705296,0.0,0.13860877052862255,0.0,0.0,0.0,0.0,0.0,0.156396806705296,0.0,0.0,0.0,0.156396806705296,0.09041188565695772,0.0,0.0,0.0,0.20287444868459667,0.0,0.0,0.10143722434229833,0.0,0.0,0.0,0.2462467215806518,0.156396806705296,0.0,0.0,0.2735480109847712,0.0,0.0,0.0,0.0,0.11619849528220796,0.10143722434229833,0.0,0.0,0.0,0.18000911088589902,0.0,0.0,0.0,0.0,0.0,0.0,0.0,0.0,0.0,0.0,0.0,0.0,0.0,0.0,0.0,0.0,0.0,0.0,0.0,0.0,0.0,0.0,0.10648067894126703,0.0,0.0,0.0,0.0,0.0,0.0,0.0,0.0,0.0,0.0,0.1259879580103046,0.0,0.0,0.0,0.0,0.0,0.0,0.0,0.0,0.17157929317443313,0.0,0.1259879580103046,0.0
0.1830189235284272,0.0,0.0,0.0,0.0,0.0,0.0,0.11327658926917845,0.0,0.1830189235284272,0.0,0.06760374966839006,0.172101532959422,0.07922796798019215,0.0,0.0,0.0,0.0,0.0,0.0,0.0,0.0,0.0,0.0,0.0,0.0,0.0,0.0,0.0,0.0,0.0,0.0,0.0,0.0,0.0,0.0,0.0,0.0,0.0,0.1830189235284272,0.0,0.0,0.0,0.0,0.0,0.0,0.0,0.0,0.0,0.0,0.0,0.0,0.0,0.1830189235284272,0.0,0.0,0.0,0.0,0.0,0.0,0.0,0.0,0.0,0.0,0.0,0.0,0.0,0.0,0.0,0.0,0.0,0.0,0.0,0.07609602496225042,0.0,0.0,0.0,0.0,0.0,0.11327658926917845,0.0,0.0,0.0,0.0,0.0,0.0,0.0,0.0,0.0,0.0,0.0,0.0,0.11937979049958239,0.0,0.20650623403788176,0.13393763997787844,0.0,0.0,0.0,0.0,0.0,0.0,0.15342841178856872,0.0,0.0,0.0,0.15342841178856872,0.0,0.0,0.0,0.0,0.0,0.0,0.0,0.0,0.0,0.0,0.0,0.0,0.20650623403788176,0.0,0.0,0.0,0.0,0.0,0.0,0.0,0.0,0.0,0.0,0.0,0.0,0.12620258899910128,0.20650623403788176,0.0,0.0,0.0,0.0,0.0,0.0,0.0,0.0,0.0,0.0,0.0,0.0,0.0,0.0,0.0,0.0,0.0,0.0,0.0,0.0,0.0,0.0,0.0,0.0,0.0,0.0,0.0,0.11937979049958239,0.0,0.0,0.20650623403788176,0.0,0.0,0.0,0.0,0.0,0.0,0.0,0.0,0.20650623403788176,0.0,0.0,0.0,0.11937979049958239,0.12620258899910128,0.0,0.0,0.0,0.0,0.0,0.0,0.0,0.0,0.0,0.0,0.0,0.0,0.20650623403788176,0.0,0.0,0.0,0.0,0.11937979049958239,0.0,0.0,0.0,0.0,0.1663544115184915,0.0,0.0,0.0,0.0,0.0,0.0,0.0,0.0,0.0,0.0,0.0,0.0,0.0,0.0,0.0,0.0,0.08978927875972391,0.0,0.0,0.0,0.0,0.0,0.1830189235284272,0.1663544115184915,0.0,0.0,0.0,0.0,0.0,0.0,0.0,0.0,0.0,0.0,0.0,0.0,0.0,0.13393763997787844,0.0,0.0,0.13393763997787844,0.0,0.0,0.0,0.065028799742205,0.0,0.0,0.0,0.1203975340397308,0.0,0.0,0.14286710100903696,0.0,0.0,0.13393763997787844,0.0,0.0,0.20650623403788176,0.07922796798019215,0.0,0.0,0.0,0.0,0.0,0.0,0.0,0.0,0.0,0.0,0.0,0.0,0.0,0.0,0.0,0.0,0.0,0.0,0.0,0.0,0.0,0.0,0.2108955208471009,0.0,0.20650623403788176,0.0,0.0,0.0,0.0,0.0,0.0,0.0,0.0,0.1663544115184915,0.0,0.0,0.13393763997787844,0.0,0.0,0.0,0.0,0.0,0.11327658926917845,0.0,0.0,0.0
0.0,0.0,0.0,0.0,0.18686964200279546,0.0,0.0,0.0,0.0,0.0,0.0,0.20707839804253517,0.0878612747584656,0.08089492456646337,0.0,0.0,0.0,0.0,0.0,0.0,0.0,0.21085112556686278,0.0,0.0,0.0,0.0,0.0,0.0,0.0,0.0,0.0,0.0,0.0,0.0,0.0,0.0,0.0,0.0,0.0,0.0,0.0,0.0,0.18686964200279546,0.0,0.0,0.0,0.0,0.0,0.0,0.0,0.0,0.0,0.0,0.0,0.0,0.0,0.0,0.0,0.0,0.14587302506666308,0.0,0.0,0.16985450863073037,0.0,0.0,0.0,0.0,0.0,0.0,0.0,0.0,0.0,0.0,0.07769708546189111,0.0,0.0,0.0,0.0,0.0,0.11565992890752191,0.0,0.0,0.0,0.0,0.0,0.0,0.0,0.0,0.0,0.0,0.0,0.0,0.12189154150259576,0.0,0.0,0.0,0.0,0.0,0.0,0.15665654584365432,0.0,0.0,0.15665654584365432,0.0,0.0,0.0,0.15665654584365432,0.0,0.0,0.0,0.0,0.0,0.0,0.0,0.0,0.0,0.0,0.0,0.0,0.0,0.0,0.0,0.12885789169459802,0.0,0.0,0.0,0.0,0.0,0.0,0.0,0.0,0.0,0.12885789169459802,0.0,0.0,0.0,0.0,0.0,0.0,0.0,0.0,0.0,0.0,0.0,0.0,0.0,0.0,0.0,0.0,0.0,0.0,0.0,0.0,0.0,0.0,0.0,0.0,0.0,0.14587302506666308,0.0,0.0,0.12189154150259576,0.0,0.0,0.0,0.0,0.0,0.0,0.0,0.0,0.0,0.0,0.0,0.0,0.0,0.0,0.0,0.0,0.0,0.0,0.0,0.0,0.0,0.0,0.0,0.0,0.0,0.0,0.0,0.0,0.0,0.0,0.0,0.0,0.0,0.0,0.12189154150259576,0.0,0.12189154150259576,0.0,0.0,0.0,0.21085112556686278,0.0,0.0,0.0,0.0,0.0,0.0,0.0,0.0,0.0,0.21085112556686278,0.0,0.0,0.0,0.0,0.0,0.09167844534345461,0.0,0.0,0.18686964200279546,0.0,0.0,0.0,0.16985450863073037,0.0,0.0,0.16985450863073037,0.0,0.0,0.0,0.0,0.0,0.0,0.12189154150259576,0.0,0.0,0.21085112556686278,0.0,0.0,0.0,0.13675568815963376,0.0,0.0,0.0,0.1327940116073281,0.0,0.0,0.0,0.2458613967372538,0.0,0.0,0.14587302506666308,0.21085112556686278,0.0,0.0,0.0,0.0,0.0,0.0,0.0,0.0,0.0,0.0,0.0,0.0,0.0,0.0,0.0,0.0,0.0,0.15665654584365432,0.0,0.11565992890752191,0.0,0.0,0.0,0.0,0.0,0.0,0.0,0.0,0.2153327629783022,0.0,0.0,0.0,0.0,0.18686964200279546,0.0,0.0,0.0,0.0,0.0,0.0,0.0,0.0,0.13675568815963376,0.0,0.0,0.0,0.0,0.09167844534345461,0.11565992890752191,0.0,0.0,0.0
0.0,0.0,0.0,0.0,0.0,0.0,0.0,0.0,0.0,0.0,0.0,0.08629019161231348,0.10983617276176945,0.0,0.0,0.0,0.0,0.0,0.0,0.0,0.0,0.0,0.0,0.0,0.0,0.0,0.0,0.0,0.2635868955741968,0.0,0.0,0.0,0.0,0.0,0.0,0.0,0.0,0.0,0.0,0.0,0.0,0.0,0.0,0.0,0.0,0.0,0.0,0.0,0.0,0.0,0.0,0.212336654636721,0.0,0.0,0.0,0.0,0.0,0.0,0.0,0.0,0.0,0.0,0.0,0.0,0.0,0.0,0.0,0.0,0.0,0.0,0.0,0.212336654636721,0.0,0.19425965592551286,0.0,0.0,0.0,0.0,0.0,0.14458752127172533,0.0,0.0,0.0,0.0,0.0,0.0,0.0,0.0,0.0,0.0,0.0,0.0,0.0,0.0,0.0,0.1709595203592118,0.0,0.0,0.0,0.0,0.0,0.0,0.0,0.0,0.0,0.0,0.0,0.0,0.0,0.0,0.0,0.0,0.0,0.0,0.0,0.0,0.0,0.0,0.2635868955741968,0.0,0.0,0.212336654636721,0.0,0.0,0.0,0.0,0.0,0.0,0.0,0.0,0.0,0.0,0.0,0.0,0.0,0.0,0.0,0.0,0.0,0.0,0.0,0.0,0.0,0.0,0.0,0.0,0.0,0.0,0.0,0.0,0.3419190407184236,0.0,0.0,0.0,0.23360742647284916,0.0,0.0,0.1709595203592118,0.0,0.0,0.0,0.0,0.0,0.0,0.0,0.0,0.0,0.0,0.0,0.0,0.0,0.0,0.0,0.0,0.0,0.0,0.0,0.0,0.16108641369924526,0.0,0.0,0.0,0.0,0.0,0.0,0.0,0.19583776220920113,0.0,0.212336654636721,0.0,0.0,0.0,0.0,0.0,0.0,0.0,0.0,0.0,0.0,0.0,0.0,0.0,0.0,0.0,0.0,0.0,0.0,0.0,0.0,0.19583776220920113,0.0,0.0,0.0,0.0,0.0,0.0,0.0,0.0,0.0,0.0,0.212336654636721,0.0,0.0,0.0,0.0,0.0,0.0,0.0,0.0,0.0,0.0,0.0,0.0,0.0,0.0,0.15237771643402578,0.0,0.0,0.0,0.0,0.0,0.0,0.0,0.0,0.0,0.18235718553537342,0.08300349636815142,0.0,0.0,0.0,0.15367677581345937,0.0,0.0,0.0,0.0,0.0,0.1709595203592118,0.0,0.0,0.0,0.10112747549655002,0.0,0.0,0.0,0.0,0.0,0.2635868955741968,0.0,0.0,0.0,0.0,0.0,0.0,0.0,0.14458752127172533,0.0,0.0,0.0,0.0,0.0,0.0,0.0,0.0,0.08972981032038843,0.0,0.0,0.0,0.0,0.0,0.0,0.0,0.0,0.0,0.0,0.0,0.0,0.0,0.0,0.0,0.0,0.0,0.0,0.0,0.0,0.0,0.0,0.0
0.15470750623602192,0.0,0.0,0.0,0.0,0.12969438632872346,0.0,0.0,0.0,0.0,0.0,0.11429208872793328,0.0,0.06697209837134185,0.0,0.0,0.0,0.0,0.0,0.0,0.0,0.0,0.0,0.0,0.0,0.17456153644806405,0.0,0.0,0.0,0.0,0.0,0.0,0.0,0.0,0.0,0.0,0.0,0.0,0.17456153644806405,0.0,0.17456153644806405,0.0,0.0,0.0,0.0,0.0,0.0,0.17456153644806405,0.0,0.0,0.0,0.0,0.0,0.0,0.0,0.0,0.0,0.0,0.0,0.0,0.0,0.0,0.1406208476217451,0.0,0.09575369750240449,0.0,0.0,0.0,0.0,0.0,0.0,0.0,0.15470750623602192,0.0,0.0,0.0,0.0,0.0,0.12076681740970296,0.09575369750240449,0.0,0.0,0.0,0.12076681740970296,0.0,0.0,0.1406208476217451,0.0,0.0,0.0,0.0,0.0,0.10091278719766081,0.0,0.0,0.11321866543979096,0.0,0.0,0.0,0.0,0.0,0.0,0.0,0.0,0.17456153644806405,0.0,0.12969438632872346,0.0,0.0,0.0,0.0,0.0,0.0,0.0,0.0,0.0,0.0,0.0,0.0,0.0,0.15470750623602192,0.1406208476217451,0.0,0.0,0.0,0.0,0.0,0.0,0.0,0.0,0.0,0.0,0.0,0.0,0.0,0.0,0.0,0.0,0.0,0.0,0.0,0.0,0.0,0.15470750623602192,0.0,0.0,0.0,0.12969438632872346,0.0,0.0,0.0,0.15470750623602192,0.0,0.17456153644806405,0.0,0.0,0.0,0.0,0.12076681740970296,0.0,0.0,0.10091278719766081,0.0,0.0,0.0,0.0,0.1406208476217451,0.0,0.0,0.0,0.0,0.0,0.0,0.0,0.0,0.0,0.0,0.10091278719766081,0.10668015879542615,0.0,0.0,0.0,0.0,0.0,0.0,0.0,0.0,0.0,0.0,0.0,0.0,0.0,0.0,0.0,0.0,0.0,0.10091278719766081,0.0,0.0,0.0,0.0,0.0,0.0,0.0,0.0,0.0,0.0,0.0,0.0,0.0,0.0,0.0,0.0,0.0,0.0,0.0,0.0,0.0,0.07589966729036235,0.0,0.0,0.15470750623602192,0.0,0.0,0.0,0.0,0.0,0.0,0.1406208476217451,0.0,0.0,0.0,0.0,0.0,0.0,0.10091278719766081,0.0,0.0,0.0,0.0,0.0,0.0,0.22643733087958193,0.0,0.15470750623602192,0.0,0.16490824961183168,0.0,0.0,0.0,0.20354618953225556,0.0,0.0,0.0,0.0,0.0,0.11321866543979096,0.0,0.0,0.0,0.06697209837134185,0.0,0.0,0.0,0.15470750623602192,0.0,0.0,0.0,0.0,0.0,0.0,0.0,0.12969438632872346,0.17456153644806405,0.09575369750240449,0.0,0.17456153644806405,0.0,0.0,0.0,0.0,0.0,0.0,0.11884789280285973,0.0,0.0,0.0,0.0,0.0,0.0,0.0,0.0,0.10668015879542615,0.0,0.0,0.0,0.0,0.22643733087958193,0.0,0.0,0.0,0.0,0.07589966729036235,0.09575369750240449,0.0,0.0,0.0
0.0,0.0,0.1619311296955058,0.0,0.0,0.0,0.0,0.0,0.0,0.0,0.0,0.10602248020702772,0.13495280558617556,0.06212632959137892,0.0,0.1619311296955058,0.13044622072803314,0.0,0.0,0.0,0.0,0.0,0.0,0.0,0.1619311296955058,0.0,0.0,0.0,0.0,0.0,0.0,0.0,0.0,0.0,0.0,0.0,0.0,0.0,0.0,0.0,0.0,0.0,0.0,0.0,0.0,0.0,0.11202872964344236,0.0,0.0,0.0,0.0,0.0,0.0,0.0,0.0,0.143513638610915,0.0,0.0,0.0,0.0,0.0,0.0,0.13044622072803314,0.0,0.17765086999791987,0.1619311296955058,0.0,0.12031034396643261,0.0,0.0,0.0,0.0,0.143513638610915,0.05967042760178464,0.1619311296955058,0.0,0.0,0.0,0.11202872964344236,0.0,0.0,0.0,0.13044622072803314,0.0,0.0,0.0,0.0,0.0,0.0,0.0,0.0,0.0,0.0,0.0,0.0,0.0,0.0,0.0,0.0,0.0,0.13044622072803314,0.0,0.0,0.0,0.0,0.0,0.0,0.0,0.1619311296955058,0.0,0.0,0.0,0.0,0.0,0.0,0.1619311296955058,0.0,0.1619311296955058,0.0,0.0,0.0,0.0,0.0,0.0,0.0,0.0,0.0,0.0,0.0,0.0,0.0,0.0,0.0,0.0,0.0,0.0,0.0,0.0,0.0,0.0,0.1619311296955058,0.0,0.0,0.0,0.0,0.0,0.0,0.0,0.1619311296955058,0.0,0.10502672450260846,0.0,0.0,0.0,0.0,0.0,0.0,0.0,0.11202872964344236,0.0,0.0,0.0,0.0,0.0,0.0,0.0,0.0,0.0,0.0,0.12031034396643261,0.0,0.0,0.0,0.0,0.0,0.0,0.0,0.0,0.0,0.0,0.0,0.0,0.11202872964344236,0.1619311296955058,0.1619311296955058,0.0,0.0,0.0,0.0,0.0,0.0,0.0,0.0,0.0,0.0,0.0,0.09361123855885158,0.0,0.0,0.3238622593910116,0.0,0.0,0.0,0.0,0.0,0.0,0.0,0.0,0.0,0.0,0.0,0.0,0.0,0.1619311296955058,0.0,0.0,0.0,0.0,0.0,0.0,0.0,0.0,0.0,0.0,0.0,0.0,0.0,0.12031034396643261,0.0,0.0,0.0,0.0,0.0,0.0,0.0,0.0,0.0,0.0,0.0,0.0,0.0,0.0,0.0,0.0,0.0,0.0,0.2039684090712032,0.0,0.0,0.0,0.04720464926988677,0.0,0.0,0.0,0.0,0.0,0.0,0.1619311296955058,0.0,0.0,0.12425265918275784,0.1619311296955058,0.0,0.0,0.0,0.0,0.0,0.0,0.0,0.0,0.0,0.0,0.0,0.0,0.17765086999791987,0.0,0.0,0.0,0.0,0.11202872964344236,0.13044622072803314,0.0,0.0,0.05512432445054503,0.143513638610915,0.0,0.0,0.0,0.0,0.0,0.0,0.0,0.0,0.0,0.0,0.0,0.0,0.0,0.1619311296955058,0.0,0.0,0.143513638610915,0.14081588782873836,0.0,0.0,0.0,0.0
0.0,0.14574280685482247,0.0,0.0,0.0,0.10828286850285396,0.0,0.0,0.0,0.0,0.10828286850285396,0.14313505269929822,0.24292303420653852,0.05591553440812359,0.0,0.0,0.11740545742042652,0.0,0.0,0.14574280685482247,0.0,0.0,0.0,0.0,0.0,0.0,0.0,0.0,0.0,0.0,0.0,0.0,0.0,0.0,0.0,0.0,0.0,0.0,0.0,0.0,0.0,0.10828286850285396,0.0,0.0,0.0,0.0,0.10082917063147304,0.0,0.0,0.0,0.0,0.0,0.0,0.0,0.0,0.0,0.14574280685482247,0.0,0.0,0.0,0.10082917063147304,0.0,0.0,0.0,0.239836557205374,0.0,0.0,0.0,0.0,0.14574280685482247,0.0,0.0,0.0,0.1074102999375657,0.0,0.0,0.0,0.0,0.10082917063147304,0.0,0.0,0.14574280685482247,0.11740545742042652,0.0,0.0,0.0,0.0,0.0,0.0,0.0,0.0,0.0,0.0,0.0,0.0,0.0,0.0,0.0,0.0,0.0,0.0,0.0,0.0,0.0,0.0,0.0,0.0,0.0,0.0,0.14574280685482247,0.0,0.0,0.0,0.0,0.0,0.0,0.0,0.0,0.0,0.0,0.0,0.0,0.0,0.0,0.0,0.0,0.0,0.11740545742042652,0.0,0.0,0.0,0.0,0.0,0.0,0.0,0.0,0.0,0.0,0.0,0.12916652006586896,0.0,0.0,0.0,0.0,0.0,0.0,0.0,0.0,0.0,0.0,0.09452715887650069,0.0,0.12916652006586896,0.0,0.0,0.0,0.0,0.0,0.10082917063147304,0.0,0.14574280685482247,0.0,0.0,0.0,0.0,0.0,0.11740545742042652,0.0,0.0,0.21656573700570791,0.12916652006586896,0.0,0.14574280685482247,0.0,0.0,0.0,0.0,0.0,0.0,0.0,0.0,0.0,0.10082917063147304,0.0,0.0,0.0,0.0,0.0,0.0,0.0,0.14574280685482247,0.0,0.0,0.0,0.0,0.0,0.0,0.0,0.0,0.0,0.0,0.0,0.0,0.0,0.0,0.0,0.12916652006586896,0.0,0.0,0.10828286850285396,0.0,0.12916652006586896,0.0,0.0,0.0,0.12916652006586896,0.0,0.0,0.0,0.0,0.0,0.0,0.0,0.0,0.0,0.0,0.14574280685482247,0.0,0.0,0.0,0.0,0.0,0.0,0.0,0.0,0.0,0.10082917063147304,0.0,0.0,0.0,0.0,0.0,0.09452715887650069,0.0,0.0,0.0,0.229472002261456,0.0,0.0,0.0,0.12745674214946853,0.0,0.0,0.0,0.0,0.0,0.0,0.0,0.0,0.0,0.11183106881624719,0.0,0.0,0.0,0.0,0.0,0.0,0.0,0.0,0.11740545742042652,0.14574280685482247,0.23481091484085304,0.0,0.0,0.07994551906845801,0.0,0.0,0.0,0.0,0.10082917063147304,0.11740545742042652,0.0,0.0,0.09922704530630251,0.12916652006586896,0.0,0.0,0.0,0.0,0.0,0.0,0.0,0.0,0.0,0.0,0.14574280685482247,0.0,0.0,0.0,0.0,0.0,0.12916652006586896,0.12673846455900906,0.15989103813691602,0.0,0.0,0.0
0.0,0.0,0.0,0.0,0.0,0.0,0.0,0.0,0.0,0.0,0.1323669537021071,0.0,0.0742383870749249,0.06835216924488473,0.0,0.0,0.14351857280484498,0.0,0.0,0.0,0.0,0.0,0.0,0.0,0.0,0.0,0.0,0.0,0.0,0.0,0.0,0.17815866566980504,0.0,0.17815866566980504,0.0,0.0,0.0,0.0,0.0,0.0,0.0,0.1323669537021071,0.0,0.0,0.0,0.0,0.0,0.0,0.0,0.0,0.0,0.0,0.0,0.0,0.0,0.0,0.0,0.0,0.0,0.0,0.12325541745734489,0.0,0.0,0.0,0.09772686083714704,0.0,0.0,0.1323669537021071,0.0,0.0,0.0,0.0,0.0,0.13130030997092093,0.0,0.23110344665957402,0.0,0.0,0.12325541745734489,0.0,0.0,0.0,0.0,0.0,0.0,0.0,0.0,0.0,0.0,0.15789551032230492,0.0,0.0,0.0,0.0,0.0,0.0,0.0,0.17815866566980504,0.0,0.0,0.14351857280484498,0.17815866566980504,0.0,0.0,0.0,0.0,0.0,0.0,0.0,0.0,0.0,0.14351857280484498,0.0,0.0,0.0,0.0,0.0,0.0,0.0,0.0,0.0,0.0,0.0,0.0,0.0,0.14351857280484498,0.0,0.0,0.0,0.0,0.0,0.0,0.0,0.0,0.0,0.0,0.0,0.0,0.0,0.15789551032230492,0.0,0.0,0.0,0.0,0.0,0.0,0.0,0.0,0.0,0.0,0.0,0.0,0.0,0.0,0.0,0.0,0.1323669537021071,0.0,0.0,0.0,0.0,0.0,0.0,0.0,0.0,0.0,0.0,0.0,0.0,0.0,0.0,0.0,0.0,0.0,0.0,0.0,0.0,0.0,0.0,0.0,0.0,0.0,0.12325541745734489,0.0,0.0,0.0,0.0,0.17815866566980504,0.14351857280484498,0.0,0.0,0.0,0.0,0.0,0.0,0.14351857280484498,0.0,0.0,0.0,0.0,0.0,0.0,0.0,0.0,0.0,0.0,0.0,0.0,0.0,0.1323669537021071,0.0,0.0,0.0,0.0,0.0,0.0,0.0,0.0,0.07746370548964694,0.0,0.0,0.0,0.0,0.0,0.0,0.0,0.0,0.0,0.0,0.17815866566980504,0.0,0.0,0.0,0.0,0.0,0.10299226210984477,0.12325541745734489,0.0,0.0,0.0,0.0,0.0,0.0,0.0,0.0,0.0,0.28051076148274917,0.0,0.0,0.12325541745734489,0.10387029773889819,0.0,0.0,0.0,0.0,0.0,0.0,0.0,0.0,0.0,0.13670433848976946,0.0,0.17815866566980504,0.0,0.0,0.0,0.0,0.0,0.0,0.14351857280484498,0.0,0.0,0.0,0.0,0.09772686083714704,0.15789551032230492,0.0,0.0,0.0,0.0,0.14351857280484498,0.0,0.1323669537021071,0.06064847511732686,0.0,0.0,0.0,0.0,0.0,0.0,0.0,0.17815866566980504,0.0,0.0,0.0,0.0,0.17815866566980504,0.0,0.0,0.0,0.0,0.0,0.15492741097929388,0.09772686083714704,0.0,0.0,0.17815866566980504
0.0,0.0,0.0,0.0,0.0,0.0,0.1696581995529237,0.10500718623186411,0.0,0.0,0.14222785055486353,0.06266854940813882,0.0,0.0,0.0,0.0,0.0,0.0,0.0,0.0,0.0,0.0,0.0,0.0,0.0,0.0,0.0,0.0,0.0,0.0,0.0,0.0,0.0,0.0,0.0,0.0,0.0,0.0,0.0,0.0,0.0,0.14222785055486353,0.0,0.0,0.0,0.0,0.0,0.0,0.0,0.0,0.0,0.0,0.0,0.0,0.19143089243380815,0.0,0.0,0.0,0.0,0.0,0.1324375352299243,0.0,0.0,0.0,0.21001437246372823,0.0,0.0,0.14222785055486353,0.0,0.0,0.19143089243380815,0.0,0.0,0.28216349084196124,0.0,0.0,0.0,0.0,0.2648750704598486,0.10500718623186411,0.0,0.0,0.0,0.0,0.1241599415673813,0.0,0.0,0.0,0.0,0.0,0.0,0.0,0.11066484234903984,0.0,0.0,0.0,0.0,0.0,0.0,0.0,0.0,0.0,0.0,0.0,0.0,0.0,0.0,0.0,0.0,0.0,0.0,0.0,0.0,0.1696581995529237,0.0,0.0,0.0,0.0,0.0,0.0,0.0,0.15421022811080876,0.0,0.0,0.0,0.0,0.0,0.0,0.0,0.0,0.0,0.0,0.0,0.0,0.0,0.0,0.0,0.0,0.0,0.0,0.0,0.0,0.15421022811080876,0.0,0.0,0.0,0.0,0.0,0.0,0.0,0.0,0.1696581995529237,0.0,0.0,0.0,0.0,0.28445570110972707,0.0,0.0,0.0,0.0,0.0,0.0,0.0,0.0,0.0,0.0,0.0,0.0,0.0,0.0,0.0,0.0,0.0,0.0,0.0,0.0,0.11066484234903984,0.0,0.0,0.1696581995529237,0.0,0.1324375352299243,0.0,0.0,0.0,0.0,0.0,0.0,0.0,0.0,0.0,0.0,0.0,0.0,0.15421022811080876,0.0,0.0,0.0,0.0,0.0,0.0,0.0,0.0,0.0,0.0,0.0,0.0,0.0,0.14222785055486353,0.1696581995529237,0.0,0.0,0.0,0.0,0.0,0.0,0.0,0.08323449335097967,0.0,0.0,0.0,0.0,0.0,0.0,0.0,0.0,0.0,0.0,0.0,0.0,0.0,0.0,0.0,0.0,0.11066484234903984,0.1324375352299243,0.0,0.0,0.1241599415673813,0.0,0.0,0.0,0.19143089243380815,0.0,0.0,0.2411263025844755,0.0,0.0,0.1324375352299243,0.0558041443529195,0.0,0.0,0.0,0.0,0.0,0.1241599415673813,0.0,0.0,0.0,0.07344417802604043,0.0,0.0,0.0,0.1696581995529237,0.0,0.0,0.0,0.0,0.0,0.0,0.0,0.0,0.0,0.0,0.0,0.0,0.0,0.0,0.0,0.0,0.0,0.0,0.1303331687269949,0.0,0.0,0.0,0.0,0.0,0.0,0.0,0.0,0.11698956378780935,0.0,0.0,0.0,0.0,0.0,0.0,0.0,0.0,0.0,0.08323449335097967,0.0,0.0,0.0,0.0
0.0,0.0,0.0,0.0,0.0,0.0,0.0,0.0,0.0,0.0,0.0,0.22872730737806612,0.0,0.0,0.0,0.0,0.0,0.0,0.20640583687161357,0.0,0.2328944528469688,0.0,0.0,0.0,0.0,0.0,0.0,0.0,0.0,0.0,0.0,0.0,0.0,0.0,0.0,0.0,0.0,0.0,0.0,0.0,0.0,0.0,0.0,0.0,0.0,0.0,0.1611232487694713,0.0,0.0,0.0,0.0,0.0,0.0,0.0,0.0,0.0,0.0,0.0,0.0,0.0,0.0,0.2328944528469688,0.0,0.0,0.12775153932339242,0.0,0.0,0.0,0.0,0.0,0.0,0.0,0.0,0.0,0.0,0.0,0.0,0.0,0.0,0.0,0.0,0.0,0.1876118647448265,0.0,0.0,0.0,0.0,0.2328944528469688,0.0,0.0,0.0,0.0,0.0,0.0,0.0,0.0,0.0,0.0,0.0,0.0,0.0,0.0,0.0,0.0,0.0,0.0,0.0,0.0,0.0,0.0,0.0,0.0,0.0,0.0,0.0,0.0,0.0,0.0,0.0,0.0,0.0,0.0,0.0,0.0,0.0,0.0,0.0,0.1876118647448265,0.0,0.0,0.0,0.0,0.0,0.0,0.0,0.0,0.0,0.0,0.0,0.0,0.0,0.0,0.0,0.0,0.0,0.0,0.0,0.0,0.0,0.0,0.0,0.0,0.20640583687161357,0.0,0.0,0.0,0.0,0.0,0.0,0.0,0.0,0.0,0.0,0.0,0.0,0.2328944528469688,0.0,0.0,0.2328944528469688,0.1730341274255347,0.20640583687161357,0.0,0.0,0.0,0.0,0.0,0.0,0.0,0.0,0.0,0.0,0.0,0.0,0.0,0.0,0.0,0.0,0.0,0.0,0.0,0.0,0.0,0.2328944528469688,0.0,0.0,0.0,0.0,0.0,0.0,0.0,0.0,0.0,0.0,0.0,0.0,0.0,0.20640583687161357,0.0,0.0,0.0,0.0,0.20640583687161357,0.0,0.0,0.0,0.0,0.0,0.0,0.0,0.0,0.0,0.0,0.0,0.0,0.0,0.0,0.0,0.0,0.0,0.0,0.0,0.0,0.0,0.0,0.0,0.0,0.0,0.0,0.0,0.0,0.0,0.0,0.0,0.0,0.0,0.0,0.0,0.0,0.0,0.0,0.0,0.2328944528469688,0.0,0.0,0.0,0.0,0.0,0.0,0.0,0.0,0.0,0.0,0.0,0.0,0.0,0.0,0.0,0.0,0.0,0.1876118647448265,0.0,0.1876118647448265,0.0,0.0,0.12775153932339242,0.0,0.0,0.0,0.2328944528469688,0.1611232487694713,0.0,0.0,0.0,0.0,0.0,0.0,0.0,0.0,0.0,0.0,0.0,0.0,0.0,0.0,0.1876118647448265,0.0,0.0,0.0,0.0,0.0,0.0,0.0,0.10126292334803721,0.0,0.0,0.0,0.0
