activity,adjacent,afternoon,angle,april,area,areas,aspects,avalanche,avalanches,avoid,aware,awareness,backcountry,break,bury,cause,caused,changing,choose,clear,closely,combination,coming,complex,complicated,conditions,consequences,considerable,continue,continued,continues,convective,create,creating,crest,current,cycle,danger,dangerous,day,december,deep,degrees,destructive,detailed,developing,difficult,distances,drifted,drifting,early,effect,elevations,error,especially,exist,existing,exists,expected,exposed,exposure,february,follow,following,force,forecast,forest,form,formation,formed,friday,gale,hazard,heavy,heels,high,hold,holding,hours,human,impact,impacting,impacts,include,includes,increase,increased,increasingly,instability,intense,intensifies,intensity,isolated,january,large,layer,layers,levels,lighting,likely,loading,localized,location,long,loose,lower,maintain,major,majority,make,march,margin,mature,mix,moderate,morning,moves,natural,navigation,ne,near,new,newly,night,note,nw,occur,occurred,older,ongoing,overnight,pacific,paths,people,period,periods,persistent,plan,pm,poor,possibility,possible,possibly,potential,powerful,problem,problematic,problems,progresses,protected,rain,rapid,rapidly,rates,recognition,recommended,region,relative,remain,remains,resulted,rise,rising,roof,roofs,ruled,run,runout,se,sheltered,showers,sierra,slab,slabs,slope,slopes,snow,snowfall,snowpack,softer,sooner,steep,steeper,storm,stressing,strikes,strong,sunday,surprise,temperatures,terrain,thursday,time,today,tomorrow,tonight,travel,travelers,treeline,trees,triggered,unload,unloaded,unstable,update,updated,upper,valid,variety,visibility,warming,warning,wave,weak,wednesday,wet,wide,widespread,wind,winds,winter,yesterday,zones
0.0,0.22548149989611788,0.0,0.0,0.0,0.0,0.0,0.0,0.17266056284219594,0.0,0.2021455553031754,0.0,0.0,0.0,0.0,0.0,0.0,0.0,0.0,0.0,0.0,0.0,0.0,0.0,0.0,0.0,0.12235943375120113,0.0,0.0,0.0,0.0,0.0,0.0,0.16225249452718826,0.0,0.0,0.0,0.0,0.059130428382271526,0.10951673669636185,0.0,0.0,0.0,0.0,0.0,0.0,0.0,0.0,0.0,0.0,0.22548149989611788,0.0,0.0,0.09902348915825863,0.0,0.0,0.0,0.22548149989611788,0.0,0.0,0.0,0.0,0.0,0.0,0.0,0.16225249452718826,0.0,0.0,0.0,0.0,0.0,0.0,0.16225249452718826,0.0,0.0,0.0,0.059130428382271526,0.0,0.0,0.0,0.0,0.0,0.0,0.0,0.0,0.0,0.16225249452718826,0.0,0.0,0.0,0.0,0.0,0.0,0.0,0.13285268128930436,0.0,0.0,0.22548149989611788,0.0,0.0,0.0,0.2021455553031754,0.0,0.0,0.0,0.0,0.0,0.0,0.0,0.0,0.0,0.0,0.0,0.0,0.0,0.0,0.0,0.0,0.0,0.0,0.0,0.0,0.18558843912013076,0.0,0.0,0.0,0.0,0.13891654993424576,0.0,0.22548149989611788,0.0,0.0,0.0,0.0,0.0,0.0,0.0,0.0,0.0,0.0,0.0,0.0,0.0,0.0,0.0,0.0,0.0,0.0,0.0,0.0,0.0,0.0,0.4042911106063508,0.0,0.0,0.0,0.0,0.0,0.0,0.0,0.0,0.0,0.0,0.0,0.0,0.0,0.0,0.0,0.0,0.0,0.0,0.0,0.0,0.0,0.0,0.0,0.0,0.24471886750240227,0.0,0.2021455553031754,0.0,0.0,0.0,0.0,0.0,0.22548149989611788,0.0,0.0,0.0,0.0,0.0,0.06590925679216939,0.0,0.0,0.16023384691695586,0.0,0.0,0.06590925679216939,0.0,0.0,0.0,0.0,0.0,0.0,0.0,0.0,0.0,0.0,0.0,0.0,0.0,0.0,0.0,0.0,0.2021455553031754,0.0,0.0,0.0,0.0,0.0,0.15338058014669442,0.0,0.0,0.0
0.0,0.0,0.0,0.0,0.20159414604940243,0.0,0.0,0.0,0.17218958225610267,0.0,0.0,0.0,0.0,0.12202566374099418,0.0,0.0,0.0,0.0,0.0,0.0,0.0,0.0,0.0,0.0,0.0,0.0,0.12202566374099418,0.0,0.10921799877968184,0.0,0.0,0.0,0.0,0.1618099048951983,0.0,0.0,0.0,0.0,0.058969133391933284,0.10921799877968184,0.20159414604940243,0.0,0.0,0.0,0.0,0.0,0.0,0.0,0.0,0.1850821940900551,0.0,0.0,0.0,0.0,0.0,0.0,0.11743149027534298,0.0,0.0,0.0,0.2248664352442592,0.0,0.0,0.0,0.0,0.1618099048951983,0.0,0.0,0.0,0.0,0.0,0.0,0.1618099048951983,0.0,0.17227452912874278,0.0,0.058969133391933284,0.0,0.0,0.0,0.0,0.0,0.0,0.0,0.0,0.0,0.1618099048951983,0.0,0.0,0.0,0.0,0.20159414604940243,0.0,0.0,0.0,0.10551371178164684,0.0,0.0,0.0,0.0,0.0,0.0,0.0,0.0,0.0,0.0,0.0,0.0,0.0,0.0,0.0,0.0,0.0,0.0,0.0,0.0,0.0,0.0,0.0,0.0,0.0,0.08224142258679007,0.0,0.0,0.0,0.0,0.0,0.0,0.0,0.0,0.0,0.0,0.0,0.0,0.0,0.0,0.0,0.0,0.0,0.0,0.0,0.0,0.0,0.0,0.0,0.0,0.0,0.0,0.0,0.0,0.0,0.0,0.0,0.0,0.0,0.0,0.0675517356607636,0.0,0.0,0.0,0.0,0.0,0.0,0.0,0.0,0.0,0.0,0.0,0.0,0.0,0.2248664352442592,0.0,0.0,0.0,0.23486298055068597,0.0,0.11743149027534298,0.36607699122298254,0.0,0.0,0.2248664352442592,0.0,0.20159414604940243,0.0,0.15979676371804438,0.0,0.0,0.0,0.0,0.0,0.0,0.13145894125488544,0.0,0.0,0.15979676371804438,0.0,0.0,0.06572947062744272,0.0,0.21102742356329368,0.0,0.0,0.0,0.0,0.20159414604940243,0.0,0.0,0.0,0.0,0.0,0.0,0.0,0.0,0.0,0.0,0.0,0.0,0.0,0.0,0.07989838185902219,0.1529621911738817,0.0,0.0,0.0
0.0,0.0,0.0,0.0,0.0,0.0,0.0,0.0,0.21831993988911452,0.0,0.0,0.0,0.0,0.23207532555517563,0.0,0.0,0.0,0.0,0.0,0.0,0.0,0.0,0.0,0.0,0.0,0.0,0.23207532555517563,0.0,0.0,0.0,0.0,0.0,0.0,0.0,0.0,0.0,0.0,0.0,0.11215084114344354,0.20771698220039472,0.0,0.0,0.0,0.0,0.0,0.0,0.0,0.0,0.0,0.0,0.0,0.0,0.0,0.18781476654052176,0.0,0.0,0.0,0.0,0.22333786599125144,0.0,0.0,0.0,0.0,0.0,0.0,0.0,0.0,0.0,0.0,0.0,0.0,0.0,0.0,0.0,0.0,0.0,0.11215084114344354,0.0,0.0,0.0,0.0,0.0,0.0,0.0,0.0,0.427663735363986,0.0,0.0,0.0,0.0,0.0,0.0,0.0,0.0,0.0,0.0,0.0,0.0,0.0,0.0,0.0,0.0,0.0,0.0,0.0,0.0,0.0,0.0,0.0,0.0,0.0,0.27633588456982955,0.0,0.0,0.0,0.0,0.0,0.0,0.0,0.0,0.0,0.0,0.0,0.0,0.0,0.0,0.0,0.0,0.0,0.0,0.0,0.0,0.0,0.0,0.0,0.0,0.0,0.0,0.0,0.0,0.0,0.0,0.0,0.0,0.0,0.0,0.0,0.0,0.0,0.0,0.0,0.0,0.0,0.0,0.0,0.0,0.12847372072947147,0.0,0.0,0.0,0.0,0.0,0.0,0.0,0.0,0.0,0.0,0.0,0.0,0.0,0.0,0.0,0.0,0.0,0.0,0.0,0.22333786599125144,0.0,0.0,0.0,0.0,0.0,0.38340317634933213,0.0,0.0,0.0,0.0,0.0,0.0,0.0,0.0,0.12500803377567307,0.0,0.38340317634933213,0.0,0.0,0.0,0.12500803377567307,0.0,0.2006719591727513,0.0,0.0,0.0,0.0,0.0,0.0,0.0,0.0,0.0,0.0,0.0,0.0,0.0,0.0,0.0,0.0,0.0,0.0,0.0,0.0,0.0,0.0,0.0,0.0
0.0,0.0,0.0,0.0,0.0,0.0,0.18638951905600157,0.0,0.1469278588775031,0.0,0.0,0.0,0.0,0.0,0.0,0.0,0.0,0.19187655507936363,0.0,0.0,0.0,0.0,0.0,0.0,0.0,0.0,0.10412342760030714,0.0,0.0,0.0,0.0,0.0,0.0,0.0,0.0,0.0,0.0,0.0,0.05031784383013424,0.09319475952800078,0.0,0.0,0.0,0.0,0.0,0.0,0.0,0.0,0.0,0.15792901137048004,0.0,0.0,0.0,0.08426538753901783,0.0,0.0,0.0,0.0,0.0,0.10838489270666367,0.0,0.0,0.0,0.0,0.0,0.0,0.13807097130919074,0.0,0.19187655507936363,0.0,0.0,0.0,0.0,0.0,0.0,0.0,0.05031784383013424,0.0,0.0,0.0,0.0,0.0,0.0,0.0,0.0,0.0,0.13807097130919074,0.0,0.0,0.0,0.0,0.0,0.0,0.0,0.1130527995892901,0.0,0.19187655507936363,0.0,0.0,0.0,0.0,0.17201851501807436,0.0,0.0,0.0,0.0,0.0,0.0,0.0,0.0,0.0,0.0,0.0,0.0,0.0,0.0,0.0,0.0,0.0,0.0,0.0,0.14035176778284708,0.3158580227409601,0.0,0.0,0.0,0.0,0.0,0.0,0.0,0.0,0.0,0.0,0.0,0.0,0.0,0.0,0.0,0.0,0.0,0.0,0.0,0.0,0.0,0.0,0.0,0.0,0.19187655507936363,0.0,0.0,0.0,0.0,0.3440370300361487,0.0,0.0,0.0,0.057641302998998944,0.0,0.0,0.0,0.0,0.0,0.0,0.0,0.0,0.0,0.0,0.0,0.0,0.0,0.0,0.0,0.0,0.0,0.1002032597145636,0.0,0.0,0.31237028280092144,0.0,0.17201851501807436,0.0,0.0,0.0,0.0,0.0,0.0,0.0,0.0,0.0,0.0,0.0,0.05608638024382925,0.0,0.0,0.13635317561620028,0.0,0.0,0.05608638024382925,0.0,0.3601356958108514,0.0,0.0,0.0,0.0,0.17201851501807436,0.0,0.0,0.19187655507936363,0.0,0.0,0.0,0.0,0.0,0.0,0.17201851501807436,0.0,0.0,0.0,0.0,0.13635317561620028,0.0,0.0,0.0,0.0
0.0,0.0,0.14837817836814568,0.0,0.0,0.0,0.08755876157410603,0.0,0.18405643449202597,0.06993571447702368,0.0,0.0,0.0,0.0,0.0,0.0,0.0,0.0,0.0,0.0,0.0,0.0,0.0,0.0,0.0,0.0,0.0,0.0,0.08755876157410603,0.0,0.0,0.0,0.0,0.0,0.36054545605232335,0.0,0.0,0.0,0.09454969599491468,0.08755876157410603,0.16161561249883352,0.16161561249883352,0.0,0.0,0.0,0.0,0.0,0.0,0.0,0.14837817836814568,0.0,0.0,0.0,0.0,0.0,0.0,0.0,0.0,0.0,0.2036605282700794,0.0,0.0,0.0,0.0,0.0,0.0,0.0,0.0,0.0,0.0,0.0,0.0,0.0,0.0,0.0,0.0,0.09454969599491468,0.0,0.0,0.0,0.0,0.0,0.0,0.0,0.0,0.0,0.12972106284081752,0.0,0.18027272802616168,0.0,0.0,0.0,0.14837817836814568,0.0,0.0,0.08458907905211363,0.0,0.0,0.0,0.18027272802616168,0.0,0.0,0.0,0.0,0.0,0.0,0.0,0.0,0.0,0.0,0.0,0.0,0.0,0.0,0.0,0.0,0.0,0.0,0.0,0.0,0.0,0.13186392704957098,0.14837817836814568,0.0,0.0,0.0,0.0,0.0,0.0,0.0,0.0,0.0,0.0,0.0,0.0,0.0,0.0,0.0,0.0,0.0,0.0,0.0,0.12262795671493577,0.0,0.14837817836814568,0.0,0.0,0.0,0.0,0.18027272802616168,0.0,0.0,0.0,0.0,0.0,0.0,0.05415541744698378,0.0,0.0,0.0,0.0,0.0,0.0,0.0,0.0,0.0,0.0,0.0,0.0,0.0,0.0,0.0,0.0,0.0,0.18828683867486368,0.0,0.0,0.195653026365603,0.1381104267594502,0.0,0.0,0.0,0.0,0.0,0.0640535758347227,0.0,0.18027272802616168,0.0,0.0,0.0,0.0,0.10538905878819523,0.0,0.0,0.0640535758347227,0.0,0.0,0.10538905878819523,0.0,0.5075344743126817,0.0,0.0,0.0,0.0,0.0,0.0,0.0,0.0,0.0,0.0,0.0,0.0,0.0,0.0,0.0,0.0,0.0,0.0,0.0,0.1281071516694454,0.0,0.0,0.0,0.0
0.16147862948114192,0.0,0.0,0.0,0.0,0.0,0.0,0.0,0.3029608988149475,0.0,0.0,0.0,0.0,0.12881965661712463,0.0,0.0,0.0,0.0,0.0,0.0,0.0,0.0,0.0,0.0,0.17081895518382217,0.0,0.0,0.0,0.11529890244294216,0.0,0.0,0.0,0.0,0.0,0.0,0.0,0.0,0.0,0.12450468666463446,0.11529890244294216,0.0,0.21281825375051974,0.0,0.0,0.0,0.0,0.0,0.0,0.0,0.0,0.0,0.0,0.0,0.0,0.0,0.0,0.0,0.0,0.0,0.0,0.0,0.0,0.0,0.0,0.0,0.0,0.0,0.0,0.0,0.0,0.0,0.0,0.0,0.0,0.0,0.0,0.06225234333231723,0.2373862684686296,0.0,0.0,0.0,0.0,0.0,0.0,0.0,0.0,0.0,0.0,0.0,0.0,0.21281825375051974,0.0,0.0,0.0,0.0,0.0,0.0,0.0,0.0,0.0,0.11138837276853697,0.0,0.0,0.0,0.0,0.1818662157277496,0.0,0.0,0.0,0.0,0.0,0.0,0.0,0.0,0.17081895518382217,0.0,0.0,0.0,0.0,0.0,0.0,0.1736407161008542,0.0,0.0,0.0,0.0,0.0,0.0,0.0,0.0,0.0,0.0,0.0,0.0,0.0,0.0,0.0,0.0,0.0,0.0,0.0,0.0,0.0,0.0,0.0,0.0,0.0,0.0,0.12881965661712463,0.0,0.0,0.17081895518382217,0.0,0.0,0.0,0.0,0.0713127970373574,0.0,0.0,0.0,0.0,0.2373862684686296,0.0,0.0,0.0,0.0,0.0,0.0,0.0,0.0,0.0,0.0,0.0,0.23059780488588433,0.0,0.0,0.0,0.12881965661712463,0.0,0.0,0.0,0.0,0.0,0.0,0.08434686442017203,0.0,0.0,0.2373862684686296,0.0,0.0,0.2373862684686296,0.20816722260551826,0.0,0.0,0.16869372884034406,0.0,0.0,0.06938907420183942,0.0,0.22277674553707394,0.0,0.0,0.0,0.0,0.0,0.0,0.0,0.0,0.0,0.0,0.0,0.2373862684686296,0.0,0.0,0.0,0.0,0.16147862948114192,0.0,0.0,0.08434686442017203,0.16147862948114192,0.0,0.0,0.0
0.1518058796766813,0.0,0.0,0.0,0.0,0.0,0.10839236973553064,0.0,0.3417758441474424,0.0,0.0,0.0,0.0,0.0,0.0,0.0,0.0,0.0,0.0,0.0,0.0,0.0,0.0,0.0,0.0,0.0,0.0,0.0,0.10839236973553064,0.0,0.0,0.34194445358782694,0.0,0.0,0.0,0.0,0.0,0.0,0.11704671722645306,0.0,0.0,0.0,0.0,0.0,0.0,0.0,0.0,0.0,0.0,0.0,0.0,0.0,0.0,0.0,0.0,0.0,0.0,0.0,0.0,0.1260596134751197,0.0,0.0,0.10471608514522715,0.0,0.0,0.0,0.0,0.0,0.0,0.0,0.0,0.0,0.0,0.0,0.0,0.0,0.05852335861322653,0.0,0.0,0.0,0.1123223858842988,0.0,0.0,0.0,0.0,0.0,0.0,0.0,0.0,0.0,0.0,0.0,0.0,0.18368307272999215,0.0,0.0,0.0,0.0,0.0,0.0,0.0,0.0,0.0,0.0,0.0,0.0,0.0,0.0,0.0,0.0,0.0,0.0,0.0,0.0,0.0,0.0,0.0,0.0,0.10839236973553064,0.0,0.0,0.1632394437584537,0.0,0.0,0.0,0.0,0.0,0.0,0.0,0.0,0.0,0.0,0.0,0.0,0.0,0.0,0.0,0.0,0.0,0.0,0.0,0.0,0.0,0.0,0.0,0.0,0.44633313304474925,0.0,0.0,0.0,0.0,0.0,0.0,0.0,0.0,0.0,0.0670410810473527,0.0,0.0,0.0,0.0,0.0,0.0,0.0,0.0,0.0,0.0,0.0,0.0,0.0,0.0,0.0,0.0,0.21678473947106128,0.1165437716744477,0.0,0.0,0.0,0.0,0.0,0.0,0.0,0.0,0.0,0.07929439327306977,0.0,0.0,0.0,0.0,0.0,0.0,0.06523259135284465,0.0,0.0,0.0,0.0,0.0,0.06523259135284465,0.0,0.5235804257261358,0.0,0.1123223858842988,0.0,0.0,0.0,0.0,0.0,0.0,0.0,0.0,0.0,0.0,0.0,0.0,0.0,0.0,0.0,0.0,0.0,0.15858878654613953,0.0,0.0,0.0,0.0
0.22094947983380567,0.0,0.0,0.0,0.0,0.0,0.0,0.0,0.3316305233366488,0.0,0.0,0.0,0.0,0.0,0.0,0.0,0.0,0.0,0.0,0.0,0.0,0.0,0.0,0.0,0.0,0.0,0.0,0.0,0.15776225375477237,0.0,0.0,0.0,0.0,0.0,0.0,0.0,0.0,0.0,0.17035842974277027,0.0,0.0,0.0,0.0,0.0,0.0,0.0,0.0,0.0,0.0,0.0,0.0,0.0,0.0,0.0,0.0,0.2911969380493634,0.0,0.0,0.0,0.0,0.0,0.0,0.15241151786971585,0.0,0.0,0.2337297474897591,0.0,0.0,0.0,0.0,0.0,0.0,0.2337297474897591,0.0,0.0,0.0,0.17035842974277027,0.0,0.0,0.0,0.0,0.0,0.0,0.0,0.0,0.0,0.0,0.0,0.0,0.0,0.0,0.0,0.26734589898892447,0.0,0.0,0.0,0.0,0.0,0.0,0.0,0.15241151786971585,0.0,0.0,0.0,0.0,0.0,0.0,0.0,0.0,0.0,0.0,0.0,0.0,0.0,0.0,0.0,0.0,0.0,0.0,0.0,0.0,0.11879536637055049,0.0,0.0,0.0,0.0,0.0,0.0,0.0,0.0,0.0,0.0,0.0,0.0,0.0,0.0,0.2911969380493634,0.0,0.0,0.0,0.0,0.0,0.0,0.0,0.0,0.0,0.0,0.0,0.0,0.0,0.0,0.0,0.0,0.0,0.0,0.0,0.09757653666944195,0.0,0.0,0.0,0.0,0.0,0.0,0.0,0.0,0.0,0.0,0.0,0.0,0.0,0.0,0.0,0.0,0.0,0.0,0.0,0.0,0.0,0.24884559581354207,0.0,0.0,0.0,0.0,0.0,0.0,0.0,0.0,0.0,0.0,0.0,0.0,0.28483298193033457,0.0,0.0,0.0,0.0,0.20987870842932016,0.09494432731011153,0.0,0.3048230357394317,0.0,0.0,0.0,0.0,0.0,0.0,0.0,0.0,0.0,0.0,0.0,0.0,0.0,0.0,0.0,0.0,0.0,0.0,0.0,0.0,0.22094947983380567,0.0,0.0,0.0
0.0,0.0,0.0,0.0,0.0,0.0,0.0,0.0,0.24988320102761338,0.0,0.0,0.0,0.0,0.0,0.0,0.0,0.0,0.0,0.0,0.0,0.0,0.0,0.0,0.0,0.0,0.0,0.0,0.0,0.0,0.0,0.0,0.0,0.0,0.0,0.0,0.0,0.0,0.0,0.08557658146753747,0.0,0.0,0.0,0.0,0.0,0.0,0.0,0.0,0.0,0.0,0.0,0.0,0.0,0.0,0.14331186022139886,0.0,0.0,0.17041772392363042,0.0,0.0,0.0,0.0,0.0,0.1531225275469211,0.0,0.0,0.0,0.2348201120149521,0.0,0.0,0.0,0.0,0.0,0.0,0.0,0.0,0.0,0.08557658146753747,0.0,0.0,0.0,0.0,0.29255539076881354,0.0,0.0,0.0,0.0,0.0,0.0,0.0,0.0,0.0,0.0,0.0,0.0,0.0,0.0,0.0,0.0,0.0,0.0,0.0,0.0,0.0,0.0,0.0,0.0,0.0,0.0,0.32632836380850533,0.0,0.0,0.0,0.0,0.0,0.0,0.0,0.0,0.0,0.0,0.0,0.0,0.11934955450722927,0.0,0.0,0.25000647675762255,0.0,0.0,0.0,0.0,0.0,0.0,0.0,0.32632836380850533,0.0,0.0,0.0,0.0,0.0,0.0,0.0,0.0,0.0,0.0,0.0,0.0,0.0,0.0,0.0,0.17708483326109067,0.0,0.0,0.0,0.0,0.0,0.0,0.0,0.09803173758082878,0.25000647675762255,0.0,0.0,0.0,0.0,0.0,0.0,0.0,0.0,0.0,0.0,0.0,0.0,0.0,0.0,0.0,0.3169964499281385,0.0,0.0,0.0,0.0,0.0,0.0,0.0,0.0,0.0,0.0,0.23189862190575652,0.0,0.0,0.0,0.0,0.0,0.0,0.09538724879305967,0.29255539076881354,0.0,0.0,0.0,0.21085780630078252,0.09538724879305967,0.0,0.0,0.0,0.0,0.0,0.0,0.0,0.0,0.0,0.0,0.0,0.0,0.0,0.0,0.0,0.0,0.0,0.0,0.0,0.0,0.0,0.11594931095287826,0.0,0.0,0.0,0.0
0.0,0.0,0.0,0.0,0.0,0.0,0.0,0.0,0.29858340966486996,0.0,0.0,0.0,0.26217904724797175,0.0,0.0,0.0,0.0,0.0,0.0,0.0,0.2407047737249445,0.0,0.0,0.0,0.0,0.0,0.0,0.0,0.0,0.0,0.0,0.22404803312591337,0.0,0.0,0.0,0.0,0.0,0.0,0.07669107219981923,0.0,0.0,0.0,0.0,0.0,0.0,0.0,0.0,0.0,0.0,0.0,0.0,0.0,0.0,0.12843163434261415,0.26217904724797175,0.0,0.0,0.0,0.0,0.0,0.0,0.0,0.13722364943935464,0.0,0.0,0.0,0.0,0.0,0.0,0.0,0.0,0.0,0.0,0.0,0.0,0.0,0.07669107219981923,0.0,0.0,0.2924453358677394,0.0,0.0,0.0,0.0,0.0,0.0,0.0,0.0,0.0,0.0,0.0,0.0,0.0,0.0,0.0,0.0,0.0,0.0,0.0,0.0,0.0,0.0,0.0,0.26217904724797175,0.0,0.0,0.0,0.26217904724797175,0.0,0.0,0.0,0.0,0.26217904724797175,0.0,0.0,0.0,0.0,0.0,0.0,0.0,0.0,0.0,0.0,0.0,0.0,0.0,0.0,0.0,0.0,0.0,0.0,0.0,0.0,0.0,0.0,0.0,0.0,0.0,0.0,0.0,0.0,0.0,0.0,0.0,0.0,0.0,0.0,0.0,0.0,0.0,0.0,0.0,0.0,0.0,0.0,0.0,0.0878529959453569,0.0,0.26217904724797175,0.22404803312591337,0.0,0.0,0.0,0.0,0.0,0.0,0.0,0.0,0.22404803312591337,0.0,0.0,0.0,0.0,0.0,0.0,0.0,0.0,0.0,0.0,0.0,0.0,0.0,0.0,0.0,0.0,0.0,0.0,0.0,0.0,0.0,0.0,0.1709661745931194,0.0,0.0,0.0,0.0,0.0,0.0854830872965597,0.0,0.0,0.0,0.0,0.0,0.0,0.0,0.0,0.0,0.0,0.0,0.0,0.0,0.0,0.0,0.0,0.0,0.0,0.0,0.26217904724797175,0.0,0.0,0.0,0.0,0.0,0.2104384851051768
0.0,0.0,0.0,0.0,0.0,0.0,0.0,0.0,0.31223356106328565,0.0,0.0,0.0,0.27416492312916696,0.0,0.0,0.0,0.0,0.0,0.0,0.0,0.25170892364524555,0.0,0.0,0.0,0.0,0.0,0.0,0.0,0.0,0.0,0.0,0.23429069723145962,0.0,0.0,0.0,0.0,0.0,0.0,0.08019711008588042,0.0,0.0,0.0,0.0,0.0,0.0,0.0,0.0,0.0,0.0,0.0,0.0,0.0,0.0,0.1343030632176824,0.27416492312916696,0.0,0.0,0.0,0.0,0.0,0.0,0.0,0.14349701738164156,0.0,0.0,0.0,0.0,0.0,0.0,0.0,0.0,0.0,0.0,0.0,0.0,0.0,0.08019711008588042,0.0,0.0,0.0,0.0,0.0,0.0,0.0,0.0,0.0,0.0,0.0,0.0,0.0,0.0,0.0,0.0,0.0,0.0,0.0,0.0,0.0,0.0,0.0,0.0,0.0,0.0,0.27416492312916696,0.0,0.0,0.0,0.27416492312916696,0.0,0.0,0.0,0.0,0.27416492312916696,0.0,0.0,0.0,0.0,0.0,0.0,0.0,0.0,0.0,0.0,0.0,0.0,0.0,0.0,0.0,0.0,0.0,0.0,0.0,0.0,0.0,0.0,0.0,0.0,0.0,0.0,0.0,0.0,0.0,0.0,0.0,0.0,0.0,0.0,0.0,0.0,0.0,0.0,0.0,0.0,0.0,0.0,0.0,0.0918693165333109,0.0,0.27416492312916696,0.23429069723145962,0.0,0.0,0.0,0.0,0.0,0.0,0.0,0.0,0.23429069723145962,0.0,0.0,0.0,0.0,0.0,0.0,0.0,0.0,0.0,0.0,0.0,0.0,0.0,0.0,0.0,0.0,0.0,0.0,0.0,0.0,0.0,0.0,0.1787821284996791,0.0,0.0,0.0,0.0,0.0,0.08939106424983954,0.0,0.0,0.0,0.0,0.0,0.0,0.0,0.0,0.0,0.0,0.0,0.0,0.0,0.0,0.0,0.0,0.0,0.0,0.0,0.27416492312916696,0.0,0.0,0.0,0.0,0.0,0.22005896999736496
0.0,0.0,0.0,0.0,0.0,0.0,0.0,0.0,0.2118317895532197,0.4292772512514077,0.0,0.0,0.0,0.0,0.0,0.0,0.24800599526156614,0.0,0.0,0.0,0.0,0.0,0.0,0.0,0.1990624593676388,0.0,0.1501189234737115,0.0,0.0,0.0,0.0,0.0,0.0,0.0,0.0,0.0,0.0,0.0,0.07254525442913683,0.2687252484126565,0.0,0.0,0.0,0.0,0.17043232621699142,0.0,0.0,0.0,0.0,0.0,0.0,0.0,0.0,0.12148879032306412,0.0,0.0,0.14446706013798802,0.0,0.14446706013798802,0.0,0.0,0.0,0.12980552073043158,0.0,0.0,0.0,0.0,0.0,0.0,0.0,0.0,0.0,0.0,0.0,0.0,0.0,0.07254525442913683,0.0,0.0,0.0,0.13923425201749368,0.0,0.0,0.0,0.0,0.0,0.0,0.0,0.0,0.0,0.0,0.0,0.0,0.0,0.0,0.12980552073043158,0.0,0.0,0.0,0.0,0.25961104146086317,0.0,0.0,0.0,0.0,0.0,0.0,0.0,0.0,0.0,0.0,0.0,0.0,0.0,0.0,0.0,0.0,0.0,0.13436262420632825,0.0,0.0,0.10117538757978421,0.0,0.0,0.0,0.0,0.0,0.17043232621699142,0.0,0.0,0.0,0.0,0.0,0.0,0.0,0.0,0.0,0.0,0.0,0.0,0.0,0.0,0.0,0.0,0.0,0.0,0.0,0.0,0.0,0.0,0.0,0.1990624593676388,0.0,0.0,0.0,0.0,0.08310377936315858,0.0,0.0,0.0,0.0,0.0,0.0,0.0,0.24800599526156614,0.24800599526156614,0.0,0.0,0.0,0.0,0.0,0.0,0.0,0.0,0.0,0.0,0.0,0.1501189234737115,0.0,0.0,0.0,0.0,0.0,0.0,0.0,0.0,0.0,0.0,0.0,0.0,0.0,0.08086198483650428,0.0,0.0,0.0,0.0,0.0,0.08086198483650428,0.0,0.0,0.0,0.13923425201749368,0.0,0.2766361284122135,0.0,0.0,0.0,0.0,0.0,0.0,0.0,0.0,0.0,0.0,0.0,0.0,0.0,0.0,0.0,0.0,0.0,0.0,0.0,0.0
0.0,0.0,0.0,0.0,0.0,0.0,0.0,0.0,0.14944393884793364,0.22713617519399842,0.0,0.0,0.0,0.0,0.0,0.0,0.17496426229491333,0.0,0.0,0.0,0.0,0.0,0.0,0.0,0.0,0.19516236323527575,0.0,0.0,0.0,0.0,0.0,0.0,0.0,0.14043538067350728,0.0,0.0,0.0,0.0,0.051179516490332776,0.1895813639462615,0.0,0.0,0.0,0.0,0.0,0.0,0.0,0.0,0.0,0.0,0.0,0.0,0.0,0.0857083981117388,0.0,0.0,0.0,0.0,0.0,0.0,0.0,0.0,0.09157571837105766,0.0,0.0,0.14043538067350728,0.0,0.0,0.0,0.0,0.0,0.0,0.14043538067350728,0.19516236323527575,0.14951766453489923,0.0,0.051179516490332776,0.0,0.19516236323527575,0.0,0.09822753746227719,0.0,0.0,0.0,0.0,0.0,0.0,0.0,0.0,0.0,0.0,0.0,0.0,0.0,0.0,0.09157571837105766,0.0,0.0,0.0,0.0,0.18315143674211531,0.0,0.0,0.0,0.0,0.14951766453489923,0.0,0.0,0.0,0.0,0.0,0.0,0.0,0.0,0.14043538067350728,0.0,0.0,0.0,0.09479068197313074,0.0,0.0,0.07137761743069522,0.0,0.0,0.0,0.0,0.0,0.0,0.0,0.0,0.0,0.0,0.0,0.0,0.0,0.0,0.0,0.0,0.0,0.0,0.0,0.0,0.0,0.0,0.0,0.0,0.0,0.0,0.10590649905210124,0.0,0.0,0.28087076134701455,0.0,0.0,0.0,0.0,0.058628386926126846,0.0,0.0,0.0,0.0,0.0,0.17496426229491333,0.0,0.17496426229491333,0.17496426229491333,0.0,0.0,0.0,0.0,0.0,0.0,0.0,0.1895813639462615,0.0,0.0,0.0,0.42362599620840496,0.0,0.0,0.0,0.0,0.0,0.0,0.06934408421311666,0.0,0.0,0.0,0.0,0.0,0.0,0.05704683674965163,0.0,0.0,0.13868816842623333,0.0,0.1261045999924637,0.05704683674965163,0.0,0.0,0.0,0.09822753746227719,0.19516236323527575,0.0,0.0,0.0,0.0,0.0,0.0,0.0,0.0,0.0,0.0,0.0,0.0,0.0,0.13275641908368324,0.0,0.0,0.06934408421311666,0.13275641908368324,0.0,0.0,0.0
0.0,0.0,0.0,0.0,0.0,0.0,0.0,0.0,0.1398870890782839,0.0,0.0,0.0,0.0,0.0,0.0,0.0,0.0,0.0,0.0,0.0,0.0,0.0,0.0,0.0,0.0,0.0,0.0,0.0,0.0,0.0,0.0,0.0,0.0,0.0,0.0,0.0,0.27402277169368355,0.24566310484565215,0.07185992591059513,0.0,0.0,0.0,0.0,0.0,0.0,0.0,0.27402277169368355,0.0,0.0,0.0,0.0,0.0,0.0,0.0,0.0,0.0,0.0,0.0,0.0,0.0,0.0,0.0,0.12857925960665795,0.0,0.0,0.0,0.19718193414997695,0.0,0.0,0.0,0.0,0.0,0.0,0.0,0.0,0.0,0.07185992591059513,0.0,0.0,0.0,0.0,0.0,0.0,0.0,0.0,0.0,0.0,0.0,0.0,0.0,0.0,0.0,0.0,0.0,0.0,0.0,0.0,0.0,0.0,0.0,0.0,0.0,0.0,0.0,0.0,0.0,0.0,0.0,0.0,0.0,0.0,0.0,0.0,0.0,0.0,0.0,0.0,0.27402277169368355,0.0,0.0,0.0,0.0,0.0,0.0,0.0,0.27402277169368355,0.0,0.16882226730194552,0.0,0.0,0.0,0.0,0.0,0.0,0.0,0.0,0.0,0.0,0.0,0.0,0.0,0.0,0.0,0.0,0.0,0.0,0.0,0.0,0.0,0.0,0.0,0.0,0.0,0.27402277169368355,0.0,0.0,0.08231870540560837,0.20993415007804064,0.0,0.0,0.0,0.0,0.0,0.0,0.0,0.0,0.0,0.0,0.0,0.0,0.0,0.0,0.0,0.0,0.0,0.0,0.0,0.0,0.0,0.0,0.0,0.0,0.0,0.0,0.09736435776672248,0.0,0.0,0.0,0.27402277169368355,0.0,0.0,0.08009808891098273,0.0,0.24566310484565215,0.0,0.0,0.0,0.08009808891098273,0.0,0.12857925960665795,0.0,0.0,0.0,0.0,0.0,0.27402277169368355,0.0,0.0,0.27402277169368355,0.0,0.0,0.0,0.0,0.27402277169368355,0.0,0.0,0.0,0.0,0.0,0.0,0.0,0.0,0.0,0.0
0.0,0.0,0.0,0.0,0.0,0.36151760706407404,0.0,0.0,0.2768290682020674,0.0,0.0,0.0,0.0,0.0,0.0,0.0,0.0,0.0,0.0,0.0,0.0,0.0,0.0,0.0,0.0,0.0,0.19618057229452965,0.0,0.0,0.26014166833496294,0.0,0.0,0.0,0.0,0.0,0.0,0.0,0.0,0.09480463356541852,0.17558969849932538,0.0,0.0,0.0,0.0,0.0,0.0,0.0,0.0,0.0,0.0,0.0,0.0,0.0,0.0,0.0,0.0,0.18879452290065113,0.0,0.0,0.0,0.0,0.0,0.16963431894277428,0.0,0.0,0.0,0.26014166833496294,0.0,0.0,0.0,0.0,0.0,0.0,0.0,0.0,0.0,0.09480463356541852,0.0,0.0,0.0,0.0,0.0,0.0,0.3241027643753962,0.0,0.0,0.0,0.0,0.0,0.0,0.0,0.0,0.0,0.0,0.0,0.0,0.0,0.0,0.0,0.0,0.0,0.0,0.0,0.0,0.0,0.0,0.0,0.0,0.0,0.0,0.0,0.0,0.0,0.0,0.0,0.0,0.0,0.0,0.0,0.0,0.0,0.1322194762540964,0.0,0.0,0.0,0.0,0.0,0.0,0.0,0.0,0.0,0.0,0.0,0.0,0.0,0.0,0.0,0.0,0.0,0.0,0.0,0.0,0.0,0.0,0.0,0.36151760706407404,0.0,0.0,0.0,0.0,0.0,0.0,0.0,0.0,0.0,0.0,0.1086028770926923,0.0,0.0,0.0,0.0,0.0,0.0,0.0,0.0,0.0,0.0,0.0,0.0,0.0,0.0,0.0,0.0,0.0,0.0,0.0,0.0,0.0,0.0,0.0,0.0,0.0,0.0,0.0,0.1284525713523657,0.0,0.0,0.0,0.0,0.0,0.0,0.10567322290234102,0.0,0.0,0.1284525713523657,0.0,0.23359541498320757,0.10567322290234102,0.0,0.0,0.0,0.0,0.0,0.0,0.0,0.0,0.0,0.0,0.0,0.0,0.0,0.0,0.0,0.0,0.0,0.0,0.0,0.0,0.0,0.0,0.0,0.36151760706407404,0.0,0.0
0.0,0.0,0.0,0.0,0.0,0.0,0.0,0.0,0.3345686981604709,0.0,0.0,0.0,0.0,0.0,0.0,0.0,0.0,0.0,0.0,0.0,0.0,0.0,0.0,0.0,0.0,0.0,0.23709894016276853,0.0,0.0,0.31440072344061576,0.0,0.0,0.0,0.0,0.0,0.0,0.0,0.0,0.11457851242850689,0.2122133243407354,0.0,0.0,0.0,0.0,0.0,0.0,0.0,0.0,0.0,0.0,0.0,0.0,0.0,0.0,0.0,0.0,0.2281723453282438,0.0,0.0,0.0,0.0,0.0,0.20501580134133565,0.0,0.0,0.0,0.31440072344061576,0.0,0.0,0.0,0.0,0.0,0.0,0.0,0.0,0.0,0.11457851242850689,0.0,0.0,0.0,0.0,0.0,0.0,0.3917025067184631,0.0,0.0,0.0,0.0,0.0,0.0,0.0,0.0,0.0,0.0,0.0,0.0,0.0,0.0,0.0,0.0,0.0,0.0,0.0,0.0,0.0,0.0,0.0,0.0,0.0,0.0,0.0,0.0,0.0,0.0,0.0,0.0,0.0,0.0,0.0,0.0,0.0,0.15979715688492127,0.0,0.0,0.0,0.0,0.0,0.0,0.0,0.0,0.0,0.0,0.0,0.0,0.0,0.0,0.0,0.0,0.0,0.0,0.0,0.0,0.0,0.0,0.0,0.0,0.0,0.0,0.0,0.0,0.0,0.0,0.0,0.0,0.0,0.0,0.13125472495128798,0.33473375207499706,0.0,0.0,0.0,0.0,0.0,0.0,0.0,0.0,0.0,0.0,0.0,0.0,0.0,0.0,0.0,0.0,0.0,0.0,0.0,0.0,0.0,0.0,0.0,0.0,0.0,0.0,0.1552445696972694,0.0,0.0,0.0,0.0,0.0,0.0,0.1277140180634884,0.0,0.0,0.1552445696972694,0.0,0.28231758461918294,0.1277140180634884,0.0,0.0,0.0,0.0,0.0,0.0,0.0,0.0,0.0,0.0,0.0,0.0,0.0,0.0,0.0,0.0,0.0,0.0,0.0,0.0,0.0,0.0,0.0,0.0,0.0,0.0
0.0,0.0,0.0,0.0,0.0,0.0,0.0,0.0,0.2720755325773801,0.2067604625182519,0.0,0.0,0.0,0.0,0.0,0.0,0.0,0.0,0.0,0.0,0.0,0.0,0.0,0.0,0.0,0.0,0.0,0.0,0.0,0.0,0.0,0.0,0.0,0.0,0.0,0.0,0.0,0.0,0.27953012307168523,0.0,0.0,0.0,0.0,0.0,0.0,0.0,0.0,0.0,0.0,0.0,0.0,0.0,0.0,0.0,0.0,0.0,0.0,0.0,0.0,0.0,0.0,0.0,0.2500821967659164,0.0,0.0,0.0,0.0,0.0,0.0,0.0,0.0,0.0,0.0,0.0,0.0,0.0,0.13976506153584262,0.0,0.0,0.0,0.26824750914797457,0.0,0.0,0.0,0.0,0.0,0.3835120174562361,0.0,0.0,0.0,0.0,0.0,0.0,0.0,0.0,0.0,0.0,0.0,0.0,0.0,0.2500821967659164,0.0,0.0,0.0,0.0,0.0,0.0,0.0,0.0,0.0,0.0,0.0,0.0,0.0,0.0,0.0,0.438670585071273,0.0,0.258861873021047,0.0,0.0,0.0,0.0,0.0,0.0,0.0,0.0,0.0,0.0,0.0,0.0,0.0,0.0,0.0,0.0,0.0,0.0,0.0,0.0,0.0,0.0,0.0,0.0,0.0,0.0,0.0,0.0,0.0,0.0,0.0,0.0,0.0,0.0,0.0,0.0,0.0,0.16010702461452717,0.0,0.0,0.0,0.0,0.0,0.0,0.0,0.0,0.0,0.0,0.0,0.0,0.0,0.0,0.0,0.0,0.0,0.0,0.0,0.0,0.0,0.0,0.0,0.0,0.0,0.0,0.0,0.0,0.0,0.0,0.0,0.0,0.0,0.0,0.15578800261323814,0.0,0.0,0.18937029620089488,0.0,0.0,0.15578800261323814,0.0,0.0,0.0,0.26824750914797457,0.0,0.0,0.0,0.0,0.0,0.0,0.0,0.0,0.0,0.0,0.0,0.0,0.0,0.0,0.0,0.0,0.0,0.0,0.0,0.0,0.0,0.0
0.0,0.0,0.41802978824564324,0.0,0.0,0.0,0.0,0.0,0.3240919300859425,0.0985158742180457,0.0,0.0,0.0,0.0,0.0,0.0,0.0,0.0,0.0,0.0,0.0,0.0,0.0,0.0,0.0,0.0,0.13780461871270513,0.0,0.12334081386637438,0.18273330022896553,0.0,0.0,0.0,0.0,0.0,0.0,0.0,0.0,0.13318868660517738,0.12334081386637438,0.0,0.0,0.13780461871270513,0.0,0.15645170633510946,0.0,0.0,0.0,0.0,0.0,0.0,0.0,0.0,0.0,0.0,0.0,0.26523275917772177,0.0,0.0,0.0,0.0,0.0,0.0,0.0,0.0,0.0,0.0,0.0,0.0,0.0,0.0,0.0,0.0,0.0,0.0,0.0,0.06659434330258869,0.0,0.0,0.0,0.0,0.0,0.0,0.0,0.0,0.0,0.0,0.0,0.0,0.0,0.0,0.22766198174522592,0.0,0.0,0.14962240776023047,0.11915753109030082,0.0,0.0,0.0,0.0,0.0,0.0,0.0,0.0,0.0,0.0,0.0,0.0,0.0,0.0,0.0,0.0,0.0,0.0,0.0,0.0,0.20901489412282162,0.0,0.0,0.0,0.0,0.0,0.0,0.0,0.0,0.0,0.0,0.0,0.0,0.0,0.0,0.253943575639082,0.0,0.0,0.0,0.0,0.0,0.0,0.0,0.0,0.0,0.0,0.17274150195911028,0.0,0.0,0.0,0.0,0.0,0.13780461871270513,0.0,0.0,0.0,0.0,0.0,0.0,0.0,0.07628674895693817,0.0,0.0,0.0,0.0,0.0,0.22766198174522592,0.0,0.0,0.0,0.0,0.0,0.0,0.0,0.0,0.0,0.0,0.3700224415991232,0.0,0.0,0.0,0.0,0.0,0.0,0.0,0.0,0.0,0.0,0.18045984279527863,0.0,0.0,0.0,0.0,0.0,0.0,0.07422884957404043,0.0,0.0,0.0,0.0,0.0,0.07422884957404043,0.0,0.0,0.0,0.0,0.0,0.0,0.0,0.0,0.0,0.0,0.0,0.0,0.0,0.0,0.0,0.0,0.0,0.0,0.0,0.0,0.0,0.09022992139763931,0.0,0.0,0.0,0.0
0.19917572074664844,0.0,0.0,0.0,0.0,0.0,0.0,0.0,0.2989495542458347,0.11359152276567641,0.0,0.0,0.0,0.0,0.0,0.0,0.0,0.0,0.0,0.0,0.0,0.0,0.0,0.0,0.21069654000191124,0.0,0.15889252983812305,0.0,0.0,0.21069654000191124,0.0,0.0,0.0,0.0,0.0,0.0,0.0,0.0,0.07678511634154116,0.14221536353856917,0.0,0.0,0.15889252983812305,0.0,0.1803931366691175,0.0,0.0,0.0,0.0,0.0,0.0,0.0,0.0,0.12858912650532933,0.0,0.0,0.0,0.0,0.1529103468932147,0.0,0.0,0.0,0.0,0.0,0.0,0.0,0.0,0.0,0.0,0.0,0.0,0.0,0.0,0.0,0.0,0.0,0.07678511634154116,0.0,0.0,0.0,0.14737171058286025,0.0,0.0,0.0,0.0,0.0,0.0,0.0,0.0,0.0,0.0,0.0,0.0,0.0,0.17251876687136292,0.1373919230071286,0.0,0.0,0.0,0.0,0.2747838460142572,0.0,0.0,0.0,0.0,0.0,0.0,0.0,0.0,0.0,0.0,0.0,0.0,0.0,0.21069654000191124,0.0,0.0,0.0,0.14221536353856917,0.0,0.0,0.10708851967433487,0.0,0.0,0.0,0.0,0.0,0.0,0.0,0.0,0.0,0.0,0.0,0.0,0.0,0.0,0.0,0.24099994333470498,0.0,0.0,0.0,0.0,0.0,0.0,0.0,0.0,0.0,0.0,0.0,0.0,0.0,0.0,0.0,0.0,0.0,0.0,0.08796072764559774,0.0,0.0,0.0,0.0,0.0,0.0,0.0,0.0,0.0,0.0,0.0,0.0,0.0,0.0,0.0,0.0,0.0,0.45873104067964415,0.0,0.0,0.0,0.0,0.0,0.0,0.0,0.0,0.0,0.10403759040802084,0.0,0.0,0.0,0.0,0.0,0.0,0.08558791284334041,0.0,0.0,0.0,0.0,0.0,0.08558791284334041,0.0,0.0,0.0,0.14737171058286025,0.0,0.0,0.0,0.0,0.0,0.0,0.0,0.0,0.0,0.0,0.0,0.0,0.0,0.0,0.0,0.0,0.24099994333470498,0.10403759040802084,0.0,0.0,0.0,0.0
0.0,0.0,0.0,0.0,0.0,0.0,0.0,0.0,0.168457756803769,0.17068987366160154,0.0,0.0,0.0,0.0,0.0,0.0,0.0,0.0,0.21999295639945915,0.0,0.0,0.0,0.0,0.0,0.15830303581743102,0.0,0.0,0.0,0.1068509420602297,0.0,0.0,0.0,0.0,0.0,0.0,0.0,0.0,0.0,0.05769110884474104,0.0,0.0,0.0,0.11938102942676919,0.0,0.0,0.0,0.0,0.0,0.0,0.0,0.0,0.0,0.0,0.0,0.0,0.0,0.0,0.0,0.0,0.0,0.0,0.0,0.0,0.0,0.0,0.0,0.0,0.0,0.0,0.0,0.0,0.0,0.0,0.0,0.16854086264225787,0.0,0.05769110884474104,0.0,0.0,0.0,0.11072507018227723,0.0,0.0,0.0,0.21999295639945915,0.0,0.0,0.0,0.0,0.21999295639945915,0.0,0.0,0.0,0.0,0.0,0.0,0.0,0.0,0.1972250422080928,0.0,0.2064538744549475,0.0,0.0,0.0,0.0,0.0,0.0,0.0,0.0,0.0,0.0,0.14214894361813557,0.0,0.0,0.15830303581743102,0.0,0.0,0.0,0.1068509420602297,0.0,0.0,0.1609180460722148,0.0,0.0,0.0,0.0,0.0,0.0,0.0,0.0,0.0,0.0,0.0,0.0,0.0,0.0,0.0,0.0,0.0,0.0,0.0,0.0,0.14964707657293905,0.0,0.0,0.0,0.0,0.0,0.11938102942676919,0.0,0.0,0.15830303581743102,0.0,0.0,0.0,0.0,0.06608770233664987,0.0,0.0,0.0,0.0,0.0,0.0,0.0,0.0,0.0,0.21999295639945915,0.0,0.0,0.0,0.0,0.0,0.0,0.0,0.3446592732971238,0.0,0.0,0.3581430882803076,0.0,0.0,0.0,0.0,0.0,0.0,0.07816676249439476,0.0,0.0,0.0,0.0,0.0,0.0,0.1929147925104358,0.0,0.0,0.15633352498878952,0.0,0.0,0.06430493083681194,0.0,0.2064538744549475,0.0,0.11072507018227723,0.0,0.0,0.0,0.0,0.0,0.0,0.0,0.0,0.0,0.0,0.0,0.0,0.0,0.0,0.14964707657293905,0.0,0.0,0.15633352498878952,0.0,0.0,0.0,0.0
0.0,0.0,0.0,0.24148048383673906,0.0,0.0,0.0,0.0,0.2750107874307025,0.1044955367137046,0.0,0.0,0.0,0.0,0.0,0.0,0.0,0.0,0.0,0.0,0.0,0.0,0.0,0.0,0.0,0.0,0.0,0.26935730350086434,0.0,0.0,0.0,0.0,0.0,0.0,0.0,0.0,0.0,0.0,0.07063645022424234,0.0,0.0,0.0,0.1461690078711581,0.0,0.16594792618982326,0.0,0.0,0.0,0.0,0.0,0.0,0.0,0.0,0.1182921882070328,0.0,0.0,0.0,0.0,0.14066585585481192,0.0,0.0,0.0,0.0,0.0,0.0,0.0,0.0,0.0,0.0,0.0,0.0,0.0,0.0,0.0,0.0,0.0,0.07063645022424234,0.0,0.0,0.0,0.0,0.0,0.0,0.0,0.0,0.0,0.0,0.0,0.0,0.0,0.0,0.0,0.0,0.2217015655180739,0.0,0.12639008955249295,0.0,0.0,0.0,0.0,0.0,0.0,0.0,0.0,0.0,0.0,0.26935730350086434,0.0,0.0,0.0,0.0,0.17404582753528341,0.0,0.0,0.0,0.0,0.0,0.0,0.0,0.0,0.0,0.09851326988836764,0.0,0.0,0.0,0.0,0.0,0.16594792618982326,0.0,0.0,0.0,0.0,0.0,0.0,0.0,0.0,0.0,0.0,0.0,0.0,0.0,0.26935730350086434,0.0,0.0,0.0,0.0,0.0,0.0,0.2923380157423162,0.0,0.0,0.0,0.0,0.0,0.0,0.0,0.08091716020055062,0.0,0.0,0.0,0.0,0.0,0.0,0.0,0.0,0.0,0.0,0.0,0.0,0.0,0.0,0.0,0.0,0.39248186079572117,0.0,0.0,0.0,0.0,0.0,0.0,0.0,0.0,0.0,0.0,0.09570664767399086,0.0,0.0,0.0,0.0,0.0,0.0,0.2362030547091074,0.0,0.0,0.1914132953479817,0.0,0.0,0.07873435156970247,0.0,0.0,0.0,0.0,0.0,0.0,0.0,0.0,0.0,0.0,0.0,0.0,0.0,0.0,0.0,0.0,0.0,0.0,0.0,0.0,0.2217015655180739,0.09570664767399086,0.0,0.0,0.0,0.0
0.0,0.0,0.0,0.1926311546612211,0.0,0.0,0.0,0.0,0.16453393464360813,0.0,0.0,0.0,0.0,0.11660033272478691,0.0,0.0,0.0,0.0,0.0,0.21486874452713184,0.17685333355891478,0.21486874452713184,0.0,0.0,0.0,0.0,0.0,0.0,0.0,0.0,0.0,0.0,0.0,0.15461574369300402,0.0,0.0,0.0,0.0,0.05634733189065909,0.0,0.0,0.0,0.0,0.12137244079640763,0.0,0.21486874452713184,0.0,0.21486874452713184,0.0,0.0,0.0,0.0,0.15461574369300402,0.09436274285887618,0.0,0.0,0.0,0.0,0.0,0.0,0.0,0.21486874452713184,0.0,0.21486874452713184,0.0,0.0,0.0,0.0,0.0,0.0,0.0,0.21486874452713184,0.0,0.0,0.0,0.0,0.05634733189065909,0.0,0.0,0.0,0.0,0.0,0.0,0.0,0.0,0.0,0.0,0.0,0.0,0.0,0.0,0.0,0.0,0.0,0.0,0.0,0.0,0.0,0.0,0.0,0.0,0.0,0.0,0.0,0.0,0.0,0.0,0.0,0.0,0.0,0.21486874452713184,0.13883792259069766,0.0,0.0,0.0,0.0,0.0,0.0,0.0,0.21486874452713184,0.0,0.0,0.0,0.0,0.0,0.0,0.0,0.13237815382709325,0.0,0.0,0.0,0.0,0.0,0.0,0.0,0.0,0.0,0.0,0.21486874452713184,0.0,0.21486874452713184,0.0,0.0,0.0,0.0,0.0,0.0,0.0,0.0,0.0,0.0,0.0,0.0,0.0,0.0,0.21486874452713184,0.06454834673876707,0.0,0.0,0.0,0.0,0.0,0.0,0.0,0.0,0.0,0.0,0.0,0.0,0.0,0.0,0.0,0.0,0.0,0.0,0.21486874452713184,0.1122104188471019,0.0,0.0,0.0,0.0,0.0,0.0,0.12137244079640763,0.0,0.0,0.0,0.0,0.0,0.0,0.0,0.18842130196279042,0.0,0.0,0.15269210792752808,0.0,0.0,0.12561420130852693,0.0,0.0,0.0,0.0,0.0,0.0,0.0,0.0,0.0,0.0,0.0,0.0,0.21486874452713184,0.0,0.15461574369300402,0.0,0.0,0.0,0.0,0.0,0.0,0.0,0.0,0.0,0.0,0.0
0.0,0.0,0.0,0.0,0.3155933913178382,0.0,0.17097956117922442,0.0,0.26956087405677115,0.13656631908751535,0.0,0.0,0.0,0.1910298180900212,0.0,0.0,0.0,0.0,0.0,0.0,0.0,0.0,0.0,0.0,0.0,0.0,0.1910298180900212,0.0,0.17097956117922442,0.0,0.0,0.0,0.0,0.0,0.0,0.0,0.0,0.0,0.1846310436581188,0.17097956117922442,0.0,0.0,0.0,0.0,0.0,0.0,0.0,0.0,0.0,0.0,0.0,0.0,0.0,0.0,0.0,0.0,0.18383769067590483,0.0,0.18383769067590483,0.0,0.0,0.0,0.0,0.0,0.0,0.0,0.0,0.0,0.0,0.0,0.0,0.0,0.0,0.0,0.0,0.0,0.0923155218290594,0.0,0.0,0.0,0.17717882075979416,0.0,0.0,0.0,0.0,0.0,0.0,0.0,0.0,0.0,0.0,0.0,0.0,0.0,0.0,0.0,0.0,0.0,0.0,0.0,0.16518054112316607,0.0,0.0,0.0,0.0,0.0,0.0,0.0,0.0,0.0,0.0,0.0,0.0,0.0,0.0,0.0,0.0,0.0,0.17097956117922442,0.0,0.0,0.12874803147611275,0.0,0.0,0.0,0.0,0.0,0.0,0.0,0.0,0.0,0.0,0.0,0.0,0.0,0.0,0.0,0.0,0.0,0.0,0.0,0.0,0.0,0.0,0.0,0.0,0.0,0.0,0.0,0.0,0.0,0.0,0.0,0.0,0.0,0.0,0.10575149013187193,0.0,0.0,0.0,0.0,0.0,0.0,0.0,0.0,0.0,0.0,0.0,0.0,0.0,0.0,0.0,0.0,0.0,0.36767538135180966,0.0,0.0,0.0,0.0,0.0,0.0,0.0,0.0,0.0,0.12508002730157253,0.0,0.0,0.0,0.0,0.0,0.0,0.20579750901851518,0.0,0.0,0.25016005460314505,0.0,0.0,0.10289875450925759,0.0,0.33036108224633215,0.0,0.17717882075979416,0.0,0.0,0.0,0.0,0.0,0.0,0.0,0.0,0.0,0.0,0.0,0.0,0.0,0.0,0.0,0.0,0.0,0.12508002730157253,0.0,0.0,0.0,0.0
0.1515888702555806,0.0,0.0,0.0,0.0,0.0,0.10823742076083916,0.0,0.2844060575107649,0.0,0.19978419905758682,0.0,0.0,0.0,0.0,0.0,0.0,0.0,0.0,0.0,0.0,0.0,0.0,0.0,0.0,0.0,0.0,0.0,0.0,0.16035714767803552,0.22284754562863063,0.0,0.22284754562863063,0.16035714767803552,0.0,0.0,0.0,0.0,0.05843969834788915,0.0,0.0,0.0,0.0,0.0,0.0,0.0,0.0,0.0,0.0,0.0,0.0,0.0,0.0,0.09786674972744043,0.0,0.0,0.11637717011410083,0.0,0.0,0.12587940883612497,0.0,0.0,0.1045663914899768,0.0,0.0,0.0,0.0,0.0,0.0,0.0,0.0,0.0,0.0,0.0,0.0,0.0,0.1168793966957783,0.0,0.0,0.0,0.0,0.0,0.0,0.0,0.0,0.0,0.0,0.0,0.0,0.0,0.0,0.0,0.18342049424907936,0.0,0.0,0.0,0.0,0.0,0.0,0.0,0.1045663914899768,0.0,0.22284754562863063,0.0,0.0,0.0,0.0,0.0,0.0,0.0,0.0,0.0,0.0,0.0,0.0,0.0,0.0,0.0,0.0,0.0,0.0,0.0,0.0,0.0,0.17072781871143428,0.0,0.0,0.1372938011069917,0.22284754562863063,0.0,0.18342049424907936,0.0,0.0,0.0,0.0,0.0,0.19978419905758682,0.0,0.0,0.0,0.0,0.0,0.0,0.0,0.0,0.0,0.0,0.0,0.12093009629848425,0.0,0.0,0.0,0.0,0.0,0.0,0.0,0.06694524453417523,0.0,0.0,0.17072781871143428,0.0,0.0,0.0,0.0,0.0,0.0,0.0,0.0,0.17072781871143428,0.0,0.0,0.22284754562863063,0.0,0.0,0.23275434022820166,0.0,0.0,0.12093009629848425,0.17072781871143428,0.0,0.0,0.0,0.0,0.0,0.07918104041468663,0.0,0.0,0.0,0.0,0.0,0.0,0.06513934011042552,0.0,0.0,0.07918104041468663,0.0,0.0,0.06513934011042552,0.0,0.0,0.0,0.0,0.0,0.0,0.0,0.0,0.0,0.0,0.0,0.0,0.0,0.0,0.0,0.0,0.0,0.0,0.0,0.0,0.18342049424907936,0.07918104041468663,0.0,0.0,0.22284754562863063,0.16035714767803552
0.0,0.0,0.0,0.0,0.0,0.0,0.0,0.0,0.31581260156336255,0.09599916456987867,0.0,0.24745627344566712,0.0,0.13428422957512678,0.0,0.0,0.0,0.0,0.0,0.0,0.0,0.0,0.0,0.24745627344566712,0.0,0.0,0.0,0.0,0.12018992048260113,0.0,0.0,0.0,0.0,0.0,0.0,0.0,0.0,0.0,0.12978621715275135,0.0,0.0,0.0,0.0,0.1397800874416679,0.0,0.0,0.0,0.0,0.0,0.0,0.0,0.0,0.178065152446916,0.0,0.0,0.0,0.0,0.0,0.12922853042581572,0.1397800874416679,0.0,0.0,0.2322270096605989,0.0,0.0,0.0,0.0,0.0,0.0,0.0,0.0,0.0,0.0,0.0,0.0,0.0,0.12978621715275135,0.0,0.0,0.0,0.0,0.0,0.0,0.0,0.0,0.0,0.0,0.0,0.0,0.0,0.0,0.0,0.0,0.0,0.0,0.11611350483029945,0.0,0.0,0.0,0.0,0.0,0.0,0.0,0.0,0.0,0.18958104148135227,0.0,0.0,0.0,0.0,0.0,0.0,0.0,0.0,0.0,0.0,0.0,0.0,0.0,0.0,0.0,0.0,0.0,0.0,0.0,0.0,0.0,0.0,0.0,0.0,0.0,0.0,0.0,0.0,0.0,0.0,0.0,0.0,0.0,0.0,0.0,0.0,0.0,0.0,0.2036753505738779,0.0,0.0,0.0,0.13428422957512678,0.0,0.0,0.0,0.0,0.0,0.0,0.0,0.07433790976070583,0.0,0.0,0.0,0.2036753505738779,0.0,0.0,0.0,0.0,0.0,0.0,0.18958104148135227,0.0,0.0,0.0,0.0,0.0,0.24037984096520226,0.0,0.0,0.12922853042581572,0.0,0.0,0.0,0.0,0.0,0.0,0.1397800874416679,0.0,0.0,0.0,0.0,0.0,0.0,0.0,0.07233258195851022,0.0,0.0,0.17584977329049628,0.0,0.0,0.07233258195851022,0.0,0.0,0.0,0.0,0.0,0.0,0.0,0.0,0.0,0.0,0.0,0.0,0.0,0.0,0.178065152446916,0.0,0.0,0.22184607531870523,0.3366572140022291,0.0,0.0,0.08792488664524814,0.0,0.0,0.0,0.178065152446916
0.0,0.0,0.0,0.0,0.0,0.0,0.0,0.0,0.19735533023887514,0.3999406975857767,0.0,0.0,0.0,0.0,0.0,0.0,0.0,0.0,0.0,0.0,0.0,0.0,0.0,0.0,0.0,0.0,0.0,0.0,0.0,0.0,0.0,0.0,0.0,0.0,0.0,0.0,0.0,0.0,0.06758755461265896,0.0,0.0,0.0,0.13985988495751936,0.0,0.15878508176169442,0.0,0.0,0.0,0.0,0.0,0.0,0.0,0.0,0.1131863181871767,0.0,0.0,0.0,0.0,0.13459426662214452,0.0,0.0,0.0,0.0,0.0,0.0,0.1854586485320371,0.0,0.0,0.0,0.0,0.0,0.0,0.1854586485320371,0.0,0.19745269221561604,0.0,0.06758755461265896,0.0,0.0,0.0,0.12971906551623416,0.0,0.0,0.0,0.0,0.0,0.0,0.0,0.0,0.0,0.23105741210655487,0.0,0.0,0.0,0.15185392864109828,0.1209346881533443,0.0,0.0,0.0,0.0,0.2418693763066886,0.0,0.0,0.0,0.0,0.0,0.0,0.0,0.0,0.0,0.0,0.0,0.0,0.0,0.0,0.0,0.0,0.0,0.12518036187075562,0.0,0.0,0.09426112138300163,0.0,0.0,0.0,0.0,0.0,0.0,0.0,0.0,0.0,0.0,0.0,0.2577309788768975,0.0,0.0,0.0,0.0,0.0,0.0,0.0,0.0,0.0,0.0,0.0,0.0,0.0,0.0,0.0,0.0,0.0,0.0,0.0,0.0,0.2577309788768975,0.0,0.07742451619233603,0.0,0.0,0.0,0.0,0.0,0.0,0.0,0.0,0.0,0.0,0.0,0.19745269221561604,0.0,0.0,0.0,0.0,0.25036072374151125,0.0,0.0,0.0,0.13985988495751936,0.19745269221561604,0.0,0.0,0.0,0.0,0.0,0.0915756419798168,0.0,0.0,0.0,0.0,0.0,0.0,0.07533592457882654,0.0,0.0,0.0915756419798168,0.0,0.0,0.07533592457882654,0.0,0.0,0.0,0.12971906551623416,0.0,0.0,0.0,0.0,0.0,0.0,0.0,0.0,0.0,0.0,0.0,0.0,0.0,0.0,0.0,0.0,0.0,0.0915756419798168,0.17531782909075191,0.0,0.0,0.1854586485320371
0.0,0.0,0.0,0.0,0.0,0.0,0.13377087061088377,0.17796181837589076,0.28119846650291996,0.10684666210665467,0.0,0.0,0.0,0.14945777672077662,0.0,0.0,0.0,0.0,0.0,0.0,0.0,0.0,0.24691373883791623,0.0,0.0,0.0,0.0,0.0,0.0,0.0,0.0,0.2110028933245677,0.0,0.0,0.0,0.0,0.0,0.0,0.0722257540070927,0.0,0.0,0.0,0.14945777672077662,0.15557464316522449,0.0,0.0,0.0,0.0,0.0,0.0,0.0,0.0,0.1981857577793464,0.1209537350656625,0.0,0.0,0.0,0.0,0.0,0.0,0.0,0.0,0.0,0.0,0.0,0.0,0.0,0.24691373883791623,0.0,0.0,0.0,0.0,0.0,0.0,0.0,0.0,0.0722257540070927,0.0,0.0,0.0,0.0,0.0,0.0,0.0,0.0,0.0,0.0,0.0,0.0,0.0,0.0,0.0,0.0,0.0,0.1622749122659979,0.0,0.0,0.0,0.0,0.0,0.0,0.0,0.0,0.0,0.0,0.0,0.0,0.0,0.0,0.0,0.0,0.0,0.0,0.24691373883791623,0.0,0.0,0.0,0.0,0.0,0.0,0.0,0.0,0.0,0.0,0.0,0.0,0.0,0.0,0.0,0.0,0.0,0.0,0.0,0.0,0.0,0.0,0.0,0.0,0.0,0.24691373883791623,0.0,0.0,0.0,0.0,0.0,0.0,0.0,0.0,0.14945777672077662,0.0,0.0,0.0,0.0,0.0,0.0,0.0,0.08273777757863211,0.0,0.0,0.0,0.22668979943446055,0.0,0.0,0.0,0.0,0.0,0.0,0.2110028933245677,0.0,0.0,0.0,0.0,0.0,0.40131261183265127,0.0,0.0,0.14383080505764162,0.0,0.0,0.0,0.0,0.0,0.0,0.15557464316522449,0.09786002509753525,0.0,0.0,0.0,0.0,0.0,0.0,0.08050585625875115,0.0,0.0,0.09786002509753525,0.0,0.0,0.08050585625875115,0.0,0.0,0.0,0.0,0.0,0.0,0.0,0.0,0.0,0.0,0.0,0.0,0.0,0.0,0.1981857577793464,0.0,0.0,0.0,0.0,0.0,0.0,0.09786002509753525,0.0,0.0,0.0,0.0
0.0,0.0,0.0,0.0,0.0,0.0,0.1398310095938339,0.1860239125230801,0.29393742664437766,0.1116870703306104,0.0,0.0,0.0,0.1562285699052305,0.0,0.0,0.0,0.0,0.0,0.0,0.0,0.0,0.2580995191750286,0.0,0.0,0.0,0.0,0.0,0.0,0.0,0.0,0.0,0.0,0.0,0.0,0.0,0.0,0.0,0.07549775265248194,0.0,0.0,0.0,0.1562285699052305,0.16262254496550943,0.0,0.0,0.0,0.0,0.0,0.0,0.0,0.0,0.20716404454012954,0.12643322728738096,0.0,0.0,0.0,0.0,0.15034668302642865,0.0,0.0,0.0,0.0,0.0,0.0,0.0,0.0,0.2580995191750286,0.0,0.0,0.0,0.0,0.0,0.0,0.0,0.0,0.07549775265248194,0.0,0.0,0.0,0.0,0.0,0.0,0.0,0.0,0.0,0.0,0.0,0.0,0.0,0.0,0.0,0.0,0.0,0.16962635221168348,0.0,0.0,0.0,0.0,0.0,0.0,0.0,0.0,0.0,0.0,0.0,0.0,0.0,0.0,0.0,0.0,0.0,0.0,0.2580995191750286,0.0,0.0,0.0,0.0,0.0,0.0,0.0,0.0,0.0,0.0,0.0,0.0,0.0,0.0,0.0,0.0,0.0,0.0,0.0,0.0,0.0,0.0,0.0,0.0,0.0,0.0,0.0,0.0,0.0,0.0,0.0,0.0,0.0,0.0,0.1562285699052305,0.0,0.0,0.0,0.0,0.0,0.0,0.0,0.08648599592375614,0.0,0.0,0.0,0.0,0.0,0.0,0.0,0.0,0.0,0.0,0.22056182684658251,0.0,0.0,0.0,0.0,0.0,0.41949302878150174,0.0,0.0,0.15034668302642865,0.0,0.0,0.0,0.0,0.0,0.0,0.16262254496550943,0.10229331726538783,0.0,0.0,0.0,0.0,0.0,0.0,0.08415296325328202,0.0,0.0,0.0,0.0,0.0,0.08415296325328202,0.0,0.0,0.0,0.0,0.0,0.0,0.0,0.0,0.0,0.0,0.0,0.0,0.0,0.0,0.20716404454012954,0.0,0.0,0.2580995191750286,0.0,0.0,0.0,0.10229331726538783,0.0,0.0,0.0,0.0
0.0,0.0,0.15830289031592118,0.0,0.0,0.0,0.0,0.0,0.14727569384750858,0.07461357094271098,0.0,0.0,0.0,0.0,0.0,0.0,0.0,0.0,0.0,0.0,0.0,0.0,0.0,0.0,0.0,0.0,0.10436992795492277,0.0,0.0,0.0,0.0,0.0,0.0,0.0,0.0,0.0,0.0,0.0,0.05043696559392437,0.09341538750579031,0.0,0.0,0.10436992795492277,0.0,0.11849278689753118,0.0,0.0,0.0,0.1923308009677246,0.0,0.0,0.0,0.0,0.08446487624572778,0.0,0.0,0.10044047951823831,0.0,0.0,0.10864148159451441,0.0,0.0,0.0,0.0,0.0,0.0,0.0,0.0,0.0,0.0,0.0,0.0,0.0,0.0,0.0,0.0,0.05043696559392437,0.0,0.0,0.0,0.09680237851204791,0.1724257492585296,0.1923308009677246,0.0,0.0,0.0,0.0,0.1923308009677246,0.0,0.0,0.0,0.0,0.0,0.0,0.11332043921498532,0.09024706901231436,0.0,0.0,0.1724257492585296,0.0,0.18049413802462871,0.0,0.0,0.0,0.1923308009677246,0.0,0.0,0.0,0.0,0.0,0.0,0.0,0.0,0.0,0.0,0.0,0.0,0.0,0.09341538750579031,0.0,0.0,0.07034201730311936,0.0,0.0,0.0,0.0,0.0,0.0,0.0,0.0,0.0,0.0,0.0,0.0,0.0,0.0,0.0,0.0,0.0,0.1724257492585296,0.0,0.0,0.0,0.0,0.0,0.0,0.0,0.0,0.0,0.0,0.0,0.2767956772134524,0.0,0.0,0.0,0.0,0.05777776221818929,0.2946966997335775,0.0,0.0,0.0,0.0,0.0,0.1923308009677246,0.0,0.0,0.0,0.14734834986678874,0.0,0.0,0.0,0.0,0.0,0.0,0.30132143855471494,0.0,0.0,0.3131097838647683,0.0,0.0,0.0,0.1923308009677246,0.0,0.0,0.0,0.0,0.0,0.0,0.0,0.0,0.0,0.05621915836051093,0.0,0.0,0.0,0.0,0.12427497966411777,0.05621915836051093,0.0,0.0,0.0,0.09680237851204791,0.0,0.0,0.0,0.0,0.1923308009677246,0.0,0.0,0.0,0.0,0.0,0.0,0.0,0.0,0.0,0.13083028916385134,0.0,0.0,0.13667597622809888,0.0,0.0,0.0,0.0
0.15046945790754404,0.0,0.0,0.0,0.0,0.0,0.2148762768630061,0.0,0.2258446822757618,0.1716278951005768,0.0,0.0,0.0,0.12003708454361375,0.0,0.0,0.0,0.0,0.0,0.0,0.0,0.0,0.0,0.0,0.159172985734589,0.0,0.0,0.0,0.0,0.0,0.0,0.0,0.0,0.0,0.0,0.0,0.0,0.0,0.05800814872398957,0.0,0.0,0.0,0.12003708454361375,0.24989969748252727,0.13627995110594002,0.0,0.0,0.0,0.0,0.0,0.0,0.0,0.159172985734589,0.0971440499149648,0.0,0.0,0.11551777957285837,0.0,0.11551777957285837,0.12494984874126364,0.0,0.0,0.0,0.0,0.0,0.0,0.0,0.0,0.0,0.0,0.0,0.0,0.0,0.0,0.0,0.0,0.05800814872398957,0.0,0.0,0.0,0.1113335567165688,0.0,0.0,0.0,0.0,0.0,0.0,0.0,0.0,0.0,0.0,0.0,0.0,0.18206602036323793,0.130331173060152,0.10379421798128746,0.0,0.0,0.0,0.0,0.10379421798128746,0.0,0.0,0.0,0.0,0.0,0.0,0.0,0.0,0.22120192155421317,0.0,0.0,0.0,0.0,0.159172985734589,0.0,0.0,0.0,0.10743813843150304,0.0,0.0,0.0,0.0,0.0,0.0,0.0,0.0,0.27255990221188003,0.0,0.0,0.0,0.0,0.0,0.0,0.0,0.0,0.0,0.0,0.0,0.0,0.0,0.0,0.0,0.0,0.0,0.0,0.0,0.0,0.12003708454361375,0.0,0.0,0.0,0.0,0.0,0.0,0.0,0.0,0.0,0.0,0.0,0.0,0.0,0.0,0.0,0.0,0.0,0.0,0.0,0.0,0.0,0.0,0.0,0.0,0.3223144152945091,0.0,0.0,0.23103555914571675,0.0,0.0,0.0,0.0,0.0,0.0,0.24989969748252727,0.07859632575706604,0.0,0.0,0.0,0.0,0.0,0.0,0.0,0.19830888692556423,0.0,0.1571926515141321,0.0,0.0,0.0,0.0,0.0,0.0,0.1113335567165688,0.0,0.0,0.0,0.0,0.0,0.0,0.0,0.19830888692556423,0.0,0.0,0.159172985734589,0.0,0.0,0.0,0.0,0.0,0.0,0.07859632575706604,0.0,0.0,0.0,0.0
0.0,0.0,0.0,0.0,0.0,0.0,0.10477558266919137,0.13938799327576248,0.16518581197263327,0.1673745745596145,0.0,0.0,0.0,0.11706229890595626,0.0,0.0,0.0,0.0,0.0,0.0,0.0,0.0,0.0,0.0,0.0,0.0,0.0,0.0,0.10477558266919137,0.0,0.0,0.0,0.0,0.0,0.0,0.21572004650065316,0.0,0.0,0.11314115584740944,0.0,0.0,0.0,0.0,0.24370662778450516,0.13290263114859538,0.0,0.0,0.0,0.0,0.0,0.0,0.0,0.0,0.0,0.0,0.19339435213084694,0.0,0.0,0.11265499235277586,0.24370662778450516,0.0,0.0,0.0,0.0,0.0,0.0,0.0,0.0,0.0,0.19339435213084694,0.0,0.0,0.0,0.0,0.0,0.0,0.05657057792370472,0.0,0.0,0.0,0.10857446383482325,0.0,0.0,0.0,0.0,0.0,0.0,0.0,0.0,0.0,0.0,0.0,0.0,0.0,0.0,0.10122196666331716,0.0,0.0,0.0,0.0,0.0,0.0,0.0,0.0,0.0,0.0,0.0,0.0,0.0,0.0,0.0,0.13938799327576248,0.0,0.0,0.0,0.0,0.0,0.0,0.10477558266919137,0.0,0.17755401988820785,0.07889627229351094,0.0,0.0,0.0,0.0,0.17755401988820785,0.13290263114859538,0.0,0.0,0.17755401988820785,0.0,0.0,0.0,0.0,0.0,0.0,0.0,0.0,0.0,0.0,0.0,0.0,0.0,0.0,0.0,0.0,0.0,0.0,0.0,0.0,0.0,0.0,0.0,0.0,0.0,0.06480408488759454,0.0,0.0,0.0,0.0,0.0,0.0,0.0,0.0,0.0,0.0,0.0,0.0,0.17755401988820785,0.0,0.0,0.21572004650065316,0.0,0.22530998470555172,0.0,0.22530998470555172,0.0,0.0,0.0,0.0,0.0,0.0,0.24370662778450516,0.07664853418978737,0.0,0.0,0.0,0.0,0.21572004650065316,0.0,0.06305594005087183,0.0,0.0,0.15329706837957474,0.0,0.0,0.06305594005087183,0.21572004650065316,0.20244393332663432,0.0,0.10857446383482325,0.0,0.0,0.0,0.0,0.0,0.0,0.0,0.0,0.0,0.0,0.0,0.0,0.0,0.0,0.0,0.0,0.0,0.07664853418978737,0.0,0.0,0.0,0.0
0.0,0.0,0.0,0.0,0.0,0.0,0.1131668526106412,0.15055130297423333,0.17841521813242855,0.18077927440174696,0.0,0.0,0.0,0.0,0.0,0.0,0.0,0.0,0.0,0.0,0.0,0.0,0.0,0.0,0.0,0.0,0.0,0.0,0.1131668526106412,0.0,0.0,0.0,0.0,0.0,0.0,0.0,0.0,0.0,0.18330361208880577,0.0,0.0,0.0,0.0,0.2632246113467339,0.0,0.0,0.0,0.0,0.0,0.0,0.0,0.0,0.0,0.0,0.0,0.0,0.12167730868833629,0.0,0.12167730868833629,0.0,0.0,0.0,0.0,0.0,0.0,0.0,0.0,0.0,0.0,0.20888292468315137,0.0,0.0,0.0,0.0,0.0,0.2329966399192203,0.06110120402960192,0.0,0.0,0.0,0.11726997868261689,0.0,0.0,0.0,0.0,0.0,0.0,0.0,0.0,0.0,0.0,0.0,0.0,0.0,0.0,0.10932863450173984,0.0,0.0,0.0,0.0,0.10932863450173984,0.0,0.0,0.0,0.0,0.0,0.0,0.0,0.0,0.0,0.0,0.15055130297423333,0.0,0.0,0.0,0.20888292468315137,0.0,0.0,0.1131668526106412,0.0,0.0,0.08521491926567087,0.0,0.0,0.17850323631920367,0.0,0.0,0.0,0.0,0.0,0.19177397144672684,0.0,0.0,0.0,0.0,0.20888292468315137,0.0,0.0,0.0,0.0,0.0,0.0,0.15849264715511038,0.0,0.19177397144672684,0.0,0.0,0.0,0.0,0.0,0.20888292468315137,0.0,0.0,0.0,0.0,0.0,0.0,0.0,0.0,0.17850323631920367,0.0,0.0,0.0,0.0,0.0,0.0,0.0,0.0,0.0,0.0,0.0,0.0,0.0,0.1131668526106412,0.12167730868833629,0.0,0.24335461737667258,0.0,0.0,0.0,0.0,0.0,0.0,0.2632246113467339,0.08278716424669351,0.0,0.0,0.0,0.0,0.0,0.0,0.0,0.0,0.0,0.16557432849338702,0.0,0.0,0.0,0.0,0.21865726900347968,0.0,0.11726997868261689,0.0,0.0,0.0,0.0,0.0,0.0,0.0,0.0,0.0,0.0,0.0,0.0,0.0,0.0,0.0,0.0,0.0,0.16557432849338702,0.0,0.0,0.0,0.0
0.0,0.0,0.0,0.0,0.0,0.0,0.09632703522729553,0.1281484845656171,0.20248813859842235,0.15387837632611295,0.0,0.0,0.0,0.0,0.0,0.0,0.0,0.0,0.0,0.0,0.0,0.0,0.0,0.0,0.0,0.0,0.0,0.0,0.09632703522729553,0.0,0.0,0.0,0.0,0.0,0.0,0.0,0.0,0.0,0.20803610588127985,0.0,0.0,0.0,0.0,0.2240554175092769,0.0,0.0,0.0,0.0,0.0,0.0,0.0,0.198325525748781,0.0,0.0,0.0,0.0,0.10357109109246149,0.0,0.10357109109246149,0.11202770875463845,0.0,0.0,0.0,0.0,0.198325525748781,0.0,0.0,0.0,0.0,0.0,0.198325525748781,0.0,0.0,0.0,0.0,0.0,0.10401805294063993,0.0,0.0,0.0,0.0998195947582838,0.0,0.0,0.0,0.0,0.0,0.0,0.0,0.0,0.0,0.0,0.0,0.0,0.0,0.0,0.09305996397403511,0.0,0.0,0.0,0.0,0.18611992794807022,0.0,0.0,0.0,0.0,0.0,0.0,0.0,0.0,0.0,0.0,0.1281484845656171,0.0,0.0,0.0,0.17780005699692344,0.16323700515719905,0.0,0.09632703522729553,0.0,0.0,0.07253449522217753,0.0,0.198325525748781,0.1519410245707351,0.0,0.0,0.0,0.0,0.0,0.0,0.0,0.0,0.0,0.0,0.3556001139938469,0.0,0.0,0.0,0.0,0.0,0.0,0.0,0.0,0.0,0.0,0.0,0.0,0.0,0.0,0.17780005699692344,0.0,0.0,0.0,0.0,0.0,0.0,0.0,0.0,0.0,0.0,0.0,0.0,0.0,0.0,0.0,0.0,0.0,0.0,0.0,0.0,0.0,0.0,0.0,0.20714218218492297,0.0,0.20714218218492297,0.0,0.0,0.0,0.0,0.0,0.0,0.2240554175092769,0.07046800280110718,0.0,0.0,0.0,0.0,0.0,0.0,0.0,0.0,0.0,0.14093600560221436,0.198325525748781,0.1281484845656171,0.0,0.0,0.18611992794807022,0.0,0.0998195947582838,0.0,0.0,0.0,0.0,0.0,0.0,0.0,0.0,0.0,0.0,0.0,0.0,0.0,0.0,0.0,0.0,0.0,0.14093600560221436,0.0,0.0,0.0,0.0
0.0,0.0,0.0,0.0,0.0,0.0,0.133843339538258,0.1780582272729277,0.1406754013706988,0.1069045451342602,0.0,0.0,0.0,0.0,0.0,0.0,0.0,0.0,0.0,0.0,0.0,0.0,0.0,0.0,0.0,0.0,0.0,0.0,0.133843339538258,0.0,0.0,0.0,0.0,0.0,0.0,0.0,0.0,0.0,0.14452976306175722,0.0,0.0,0.0,0.14953874386046279,0.311317848102759,0.0,0.0,0.0,0.0,0.0,0.0,0.0,0.0,0.0,0.0,0.0,0.0,0.0,0.0,0.0,0.0,0.0,0.0,0.1293038483558084,0.0,0.0,0.0,0.0,0.0,0.0,0.0,0.0,0.0,0.0,0.0,0.0,0.0,0.07226488153087861,0.0,0.0,0.0,0.0,0.0,0.0,0.0,0.0,0.0,0.0,0.0,0.0,0.0,0.0,0.0,0.0,0.0,0.0,0.0,0.0,0.0,0.0,0.0,0.0,0.0,0.0,0.0,0.0,0.0,0.0,0.0,0.0,0.0,0.0,0.0,0.0,0.0,0.0,0.0,0.0,0.0,0.0,0.0,0.22681260619004698,0.10078436494334352,0.0,0.0,0.0,0.0,0.22681260619004698,0.0,0.0,0.0,0.0,0.0,0.0,0.0,0.0,0.0,0.0,0.22681260619004698,0.0,0.0,0.0,0.0,0.18745051839944923,0.0,0.0,0.0,0.0,0.0,0.0,0.0,0.0,0.0,0.0,0.0,0.0,0.0,0.0,0.0,0.0,0.0,0.22681260619004698,0.0,0.0,0.0,0.0,0.0,0.0,0.0,0.0,0.22681260619004698,0.0,0.0,0.0,0.40153001861477394,0.0,0.0,0.2878174476921533,0.0,0.0,0.0,0.0,0.0,0.0,0.311317848102759,0.09791303971139884,0.0,0.0,0.0,0.0,0.0,0.0,0.0,0.0,0.0,0.09791303971139884,0.0,0.0,0.0,0.0,0.2586076967116168,0.0,0.0,0.0,0.0,0.0,0.0,0.0,0.0,0.0,0.0,0.0,0.0,0.0,0.0,0.0,0.0,0.0,0.0,0.0,0.09791303971139884,0.0,0.0,0.0,0.0
0.0,0.0,0.0,0.0,0.0,0.0,0.11928088811531323,0.15868509825460633,0.12536960650685736,0.09527309413505174,0.0,0.0,0.0,0.0,0.0,0.0,0.0,0.0,0.0,0.0,0.0,0.0,0.0,0.0,0.0,0.0,0.0,0.0,0.11928088811531323,0.0,0.0,0.0,0.0,0.0,0.0,0.0,0.0,0.0,0.1288046051195128,0.0,0.0,0.0,0.13326859772671584,0.27744577754824146,0.0,0.0,0.0,0.0,0.0,0.0,0.0,0.0,0.0,0.0,0.0,0.0,0.0,0.0,0.0,0.0,0.0,0.0,0.11523530361553734,0.0,0.0,0.0,0.0,0.0,0.0,0.0,0.0,0.0,0.0,0.0,0.0,0.0,0.0644023025597564,0.0,0.0,0.0,0.0,0.0,0.0,0.0,0.0,0.0,0.0,0.0,0.0,0.0,0.0,0.0,0.0,0.0,0.0,0.0,0.0,0.0,0.0,0.0,0.0,0.0,0.0,0.0,0.0,0.1881471832822727,0.0,0.0,0.0,0.0,0.0,0.0,0.0,0.0,0.0,0.0,0.0,0.0,0.0,0.0,0.2021348928936753,0.08981880308764688,0.0,0.0,0.0,0.0,0.2021348928936753,0.0,0.0,0.0,0.0,0.0,0.0,0.0,0.0,0.0,0.0,0.2021348928936753,0.0,0.0,0.0,0.0,0.16705548732943087,0.0,0.0,0.0,0.0,0.0,0.0,0.0,0.0,0.0,0.0,0.0,0.0,0.0,0.0,0.0,0.0,0.0,0.0,0.0,0.0,0.0,0.0,0.0,0.0,0.0,0.0,0.2021348928936753,0.0,0.0,0.0,0.47712355246125293,0.0,0.0,0.256502272688657,0.0,0.0,0.0,0.0,0.0,0.0,0.27744577754824146,0.08725988439273215,0.0,0.0,0.0,0.0,0.0,0.0,0.0,0.0,0.0,0.08725988439273215,0.0,0.0,0.0,0.0,0.23047060723107468,0.0,0.0,0.0,0.0,0.0,0.0,0.0,0.0,0.0,0.0,0.0,0.0,0.0,0.0,0.0,0.0,0.33411097465886175,0.0,0.0,0.08725988439273215,0.0,0.0,0.0,0.0
0.0,0.0,0.0,0.0,0.0,0.0,0.14911619943577095,0.0,0.15672786766131278,0.11910341992231943,0.0,0.0,0.0,0.33320521185139074,0.30701192641273467,0.30701192641273467,0.0,0.0,0.0,0.0,0.0,0.0,0.0,0.0,0.0,0.0,0.0,0.0,0.0,0.0,0.0,0.0,0.0,0.0,0.0,0.0,0.0,0.27523808551030654,0.0,0.0,0.0,0.0,0.0,0.0,0.0,0.0,0.0,0.0,0.0,0.0,0.0,0.0,0.0,0.0,0.0,0.0,0.0,0.0,0.0,0.17342115971462504,0.0,0.0,0.0,0.0,0.0,0.0,0.0,0.0,0.0,0.0,0.0,0.0,0.0,0.0,0.0,0.0,0.0,0.0,0.0,0.0,0.0,0.0,0.0,0.0,0.0,0.0,0.0,0.0,0.0,0.0,0.0,0.0,0.0,0.0,0.0,0.2881174140716358,0.0,0.0,0.0,0.0,0.1440587070358179,0.0,0.0,0.0,0.0,0.0,0.0,0.0,0.0,0.0,0.0,0.0,0.0,0.0,0.0,0.0,0.0,0.0,0.14911619943577095,0.0,0.0,0.11228486613338978,0.0,0.0,0.0,0.0,0.0,0.0,0.0,0.0,0.0,0.0,0.0,0.0,0.30701192641273467,0.0,0.0,0.0,0.0,0.0,0.0,0.0,0.0,0.30701192641273467,0.0,0.0,0.0,0.0,0.0,0.0,0.0,0.0,0.0,0.0,0.0,0.0,0.09222892013744557,0.0,0.0,0.0,0.0,0.0,0.0,0.0,0.0,0.0,0.0,0.0,0.0,0.0,0.0,0.0,0.0,0.0,0.0,0.0,0.0,0.0,0.0,0.0,0.0,0.0,0.0,0.0,0.0,0.0,0.0,0.0,0.0,0.0,0.0,0.08974096724351231,0.0,0.0,0.1090858940559691,0.0,0.0,0.08974096724351231,0.0,0.0,0.30701192641273467,0.0,0.0,0.0,0.0,0.0,0.0,0.0,0.0,0.27523808551030654,0.0,0.0,0.0,0.0,0.0,0.0,0.0,0.0,0.0,0.0,0.0,0.0,0.0,0.0
